관리코드,구,동,착공일,준공일,공사상태,지오코딩주소,도로,포장,공사유형,기본_위험도_레벨,기본_위험도_카테고리,현재_위험도_레벨,현재_위험도_카테고리,도로등급,영향반경_미터,안내_우선순위,안내_활성화_여부,안내_메시지,위도,경도,좌표상태
일반-210728-75,서초구,잠원동,2022-06-20,2022-08-31,완료,서울시 서초구 잠원동   잠원동112 ~ 잠원동   잠원동112,구도,보도,전력/전기,3,보통,0.6,잔여위험,소로,50,3,True,✅ 서초구 잠원동 지역 전력/전기 공사가 완료되었습니다. 복구 상태를 확인하세요.,37.5079,127.0034,API성공
일반-210527-84,용산구,동자동,2022-06-16,2022-08-14,완료,서울시 용산구 동자동   35-41 ~ 동자동   35-41부근,구도,차도,전력/전기,3,보통,0.6,잔여위험,소로,50,3,True,✅ 용산구 동자동 지역 전력/전기 공사가 완료되었습니다. 복구 상태를 확인하세요.,37.5351,126.9879,구중심(용산구)
일반-210527-84,용산구,동자동,2022-06-16,2022-08-14,완료,서울시 용산구 동자동   19-87 ~ 동자동   19-87부근,구도,차도,전력/전기,3,보통,0.6,잔여위험,소로,50,3,True,✅ 용산구 동자동 지역 전력/전기 공사가 완료되었습니다. 복구 상태를 확인하세요.,37.5295,126.9986,구중심(용산구)
일반-210907-41,관악구,봉천동,2022-06-15,2022-12-30,완료,서울시 관악구 봉천동   958-14 ~ 봉천동   958-14,기타,보도,통신,2,낮음,0.4,잔여위험,기타,30,3,False,✅ 관악구 봉천동 지역 통신 공사가 완료되었습니다.,37.4849,126.9366,API성공
인터넷-220604-01,종로구,이화동,2022-06-15,2022-06-19,완료,서울시 종로구 이화동   149 ~ 이화동   149,구도,차도/보도,상하수도,4,높음,0.8,잔여위험,소로,100,3,True,✅ 종로구 이화동 지역 상하수도 공사가 완료되었습니다. 복구 상태를 확인하세요.,37.5773,127.0036,API성공
일반-210525-89,송파구,잠실동,2022-06-13,2022-07-31,완료,서울시 송파구 잠실동   183-4 ~ 잠실동   183-4,구도,차도,전력/전기,3,보통,0.6,잔여위험,소로,50,3,True,✅ 송파구 잠실동 지역 전력/전기 공사가 완료되었습니다. 복구 상태를 확인하세요.,37.511,127.0841,API성공
일반-220527-35,종로구,홍지동,2022-06-13,2022-07-30,완료,서울시 종로구 홍지동   127-36 ~ 홍지동   127-36,구도,차도,전력/전기,3,보통,0.6,잔여위험,소로,50,3,True,✅ 종로구 홍지동 지역 전력/전기 공사가 완료되었습니다. 복구 상태를 확인하세요.,37.5976,126.9591,API성공
일반-210416-80,강남구,대치동,2022-06-02,2022-06-30,완료,서울시 강남구 대치동   942-3 ~ 대치동   942-3,특별시도,보도,전력/전기,3,보통,0.6,잔여위험,대로,50,3,True,✅ 강남구 대치동 지역 전력/전기 공사가 완료되었습니다. 복구 상태를 확인하세요.,37.5058,127.0575,API성공
일반-210416-20,관악구,봉천동,2022-05-26,2022-12-30,완료,서울시 관악구 봉천동   912-26 ~ 봉천동   912-26,특별시도,보도,전력/전기,3,보통,0.6,잔여위험,대로,50,3,True,✅ 관악구 봉천동 지역 전력/전기 공사가 완료되었습니다. 복구 상태를 확인하세요.,37.4823,126.9456,API성공
일반-210506-07,강남구,청담동,2022-05-26,2022-06-30,완료,서울시 강남구 청담동   77-39 ~ 청담동   77-39,구도,차도,전력/전기,3,보통,0.6,잔여위험,소로,50,3,True,✅ 강남구 청담동 지역 전력/전기 공사가 완료되었습니다. 복구 상태를 확인하세요.,37.5228,127.0484,API성공
일반-210603-98,서초구,서초동,2022-05-24,2022-11-30,완료,서울시 서초구 서초동   1573-5 ~ 서초동   1576-2,구도,차도,전력/전기,3,보통,0.6,잔여위험,소로,50,3,True,✅ 서초구 서초동 지역 전력/전기 공사가 완료되었습니다. 복구 상태를 확인하세요.,37.4933,127.0135,API성공
일반-210603-98,서초구,서초동,2022-05-24,2022-11-30,완료,서울시 서초구 서초동   1573-5 ~ 서초동   1576-2,특별시도,보도,전력/전기,3,보통,0.6,잔여위험,대로,50,3,True,✅ 서초구 서초동 지역 전력/전기 공사가 완료되었습니다. 복구 상태를 확인하세요.,37.4933,127.0135,API성공
일반-210603-95,서초구,서초동,2022-05-24,2022-11-30,완료,서울시 서초구 서초동   1573-5 ~ 서초동   1576-2,구도,차도,전력/전기,3,보통,0.6,잔여위험,소로,50,3,True,✅ 서초구 서초동 지역 전력/전기 공사가 완료되었습니다. 복구 상태를 확인하세요.,37.4933,127.0135,API성공
일반-210603-95,서초구,서초동,2022-05-24,2022-11-30,완료,서울시 서초구 서초동   1573-5 ~ 서초동   1576-2,구도,보도,전력/전기,3,보통,0.6,잔여위험,소로,50,3,True,✅ 서초구 서초동 지역 전력/전기 공사가 완료되었습니다. 복구 상태를 확인하세요.,37.4933,127.0135,API성공
일반-210603-95,서초구,서초동,2022-05-24,2022-11-30,완료,서울시 서초구 서초동   1573-5 ~ 서초동   1576-2,특별시도,보도,전력/전기,3,보통,0.6,잔여위험,대로,50,3,True,✅ 서초구 서초동 지역 전력/전기 공사가 완료되었습니다. 복구 상태를 확인하세요.,37.4933,127.0135,API성공
일반-210603-93,서초구,서초동,2022-05-24,2022-11-30,완료,서울시 서초구 서초동   1573-5 ~ 서초동   1576-2,특별시도,차도,전력/전기,3,보통,0.6,잔여위험,대로,50,3,True,✅ 서초구 서초동 지역 전력/전기 공사가 완료되었습니다. 복구 상태를 확인하세요.,37.4933,127.0135,API성공
일반-210603-92,서초구,서초동,2022-05-24,2022-11-30,완료,서울시 서초구 서초동   1573-5 ~ 서초동   1576-2,특별시도,차도,전력/전기,3,보통,0.6,잔여위험,대로,50,3,True,✅ 서초구 서초동 지역 전력/전기 공사가 완료되었습니다. 복구 상태를 확인하세요.,37.4933,127.0135,API성공
일반-210603-90,서초구,서초동,2022-05-24,2022-11-30,완료,서울시 서초구 서초동   1573-5 ~ 서초동   1576-2,특별시도,차도,전력/전기,3,보통,0.6,잔여위험,대로,50,3,True,✅ 서초구 서초동 지역 전력/전기 공사가 완료되었습니다. 복구 상태를 확인하세요.,37.4933,127.0135,API성공
일반-210603-72,서초구,서초동,2022-05-24,2022-11-30,완료,서울시 서초구 서초동   1573-5 ~ 서초동   1576-2,구도,차도,전력/전기,3,보통,0.6,잔여위험,소로,50,3,True,✅ 서초구 서초동 지역 전력/전기 공사가 완료되었습니다. 복구 상태를 확인하세요.,37.4933,127.0135,API성공
일반-210603-72,서초구,서초동,2022-05-24,2022-11-30,완료,서울시 서초구 서초동   1573-5 ~ 서초동   1576-2,특별시도,보도,전력/전기,3,보통,0.6,잔여위험,대로,50,3,True,✅ 서초구 서초동 지역 전력/전기 공사가 완료되었습니다. 복구 상태를 확인하세요.,37.4933,127.0135,API성공
일반-210603-77,서초구,서초동,2022-05-24,2022-11-30,완료,서울시 서초구 서초동   1573-5 ~ 서초동   1576-2,구도,차도,전력/전기,3,보통,0.6,잔여위험,소로,50,3,True,✅ 서초구 서초동 지역 전력/전기 공사가 완료되었습니다. 복구 상태를 확인하세요.,37.4933,127.0135,API성공
일반-210603-77,서초구,서초동,2022-05-24,2022-11-30,완료,서울시 서초구 서초동   1573-5 ~ 서초동   1576-2,구도,보도,전력/전기,3,보통,0.6,잔여위험,소로,50,3,True,✅ 서초구 서초동 지역 전력/전기 공사가 완료되었습니다. 복구 상태를 확인하세요.,37.4933,127.0135,API성공
일반-210603-77,서초구,서초동,2022-05-24,2022-11-30,완료,서울시 서초구 서초동   1573-5 ~ 서초동   1576-2,특별시도,보도,전력/전기,3,보통,0.6,잔여위험,대로,50,3,True,✅ 서초구 서초동 지역 전력/전기 공사가 완료되었습니다. 복구 상태를 확인하세요.,37.4933,127.0135,API성공
일반-210603-74,서초구,서초동,2022-05-24,2022-11-30,완료,서울시 서초구 서초동   1573-5 ~ 서초동   1576-2,특별시도,차도,전력/전기,3,보통,0.6,잔여위험,대로,50,3,True,✅ 서초구 서초동 지역 전력/전기 공사가 완료되었습니다. 복구 상태를 확인하세요.,37.4933,127.0135,API성공
일반-210603-75,서초구,서초동,2022-05-24,2022-11-30,완료,서울시 서초구 서초동   1573-5 ~ 서초동   1576-2,특별시도,차도,전력/전기,3,보통,0.6,잔여위험,대로,50,3,True,✅ 서초구 서초동 지역 전력/전기 공사가 완료되었습니다. 복구 상태를 확인하세요.,37.4933,127.0135,API성공
일반-210603-76,서초구,서초동,2022-05-24,2022-11-30,완료,서울시 서초구 서초동   1573-5 ~ 서초동   1576-2,특별시도,차도,전력/전기,3,보통,0.6,잔여위험,대로,50,3,True,✅ 서초구 서초동 지역 전력/전기 공사가 완료되었습니다. 복구 상태를 확인하세요.,37.4933,127.0135,API성공
일반-210603-64,서초구,서초동,2022-05-24,2022-11-30,완료,서울시 서초구 서초동   1573-5 ~ 서초동   1576-2,구도,차도,전력/전기,3,보통,0.6,잔여위험,소로,50,3,True,✅ 서초구 서초동 지역 전력/전기 공사가 완료되었습니다. 복구 상태를 확인하세요.,37.4933,127.0135,API성공
일반-210603-64,서초구,서초동,2022-05-24,2022-11-30,완료,서울시 서초구 서초동   1573-5 ~ 서초동   1576-2,특별시도,보도,전력/전기,3,보통,0.6,잔여위험,대로,50,3,True,✅ 서초구 서초동 지역 전력/전기 공사가 완료되었습니다. 복구 상태를 확인하세요.,37.4933,127.0135,API성공
일반-210603-63,서초구,서초동,2022-05-24,2022-11-30,완료,서울시 서초구 서초동   1573-5 ~ 서초동   1576-2,구도,차도,전력/전기,3,보통,0.6,잔여위험,소로,50,3,True,✅ 서초구 서초동 지역 전력/전기 공사가 완료되었습니다. 복구 상태를 확인하세요.,37.4933,127.0135,API성공
일반-210603-63,서초구,서초동,2022-05-24,2022-11-30,완료,서울시 서초구 서초동   1573-5 ~ 서초동   1576-2,구도,보도,전력/전기,3,보통,0.6,잔여위험,소로,50,3,True,✅ 서초구 서초동 지역 전력/전기 공사가 완료되었습니다. 복구 상태를 확인하세요.,37.4933,127.0135,API성공
일반-210603-63,서초구,서초동,2022-05-24,2022-11-30,완료,서울시 서초구 서초동   1573-5 ~ 서초동   1576-2,기타,보도,전력/전기,3,보통,0.6,잔여위험,기타,50,3,True,✅ 서초구 서초동 지역 전력/전기 공사가 완료되었습니다. 복구 상태를 확인하세요.,37.4933,127.0135,API성공
일반-210603-63,서초구,서초동,2022-05-24,2022-11-30,완료,서울시 서초구 서초동   1573-5 ~ 서초동   1576-2,특별시도,보도,전력/전기,3,보통,0.6,잔여위험,대로,50,3,True,✅ 서초구 서초동 지역 전력/전기 공사가 완료되었습니다. 복구 상태를 확인하세요.,37.4933,127.0135,API성공
일반-210602-81,서초구,서초동,2022-05-24,2022-11-30,완료,서울시 서초구 서초동   1573-5 ~ 서초동   1576-2,특별시도,차도,전력/전기,3,보통,0.6,잔여위험,대로,50,3,True,✅ 서초구 서초동 지역 전력/전기 공사가 완료되었습니다. 복구 상태를 확인하세요.,37.4933,127.0135,API성공
일반-210602-82,서초구,서초동,2022-05-24,2022-11-30,완료,서울시 서초구 서초동   1573-5 ~ 서초동   1576-2,특별시도,차도,전력/전기,3,보통,0.6,잔여위험,대로,50,3,True,✅ 서초구 서초동 지역 전력/전기 공사가 완료되었습니다. 복구 상태를 확인하세요.,37.4933,127.0135,API성공
일반-210602-84,서초구,서초동,2022-05-24,2022-11-30,완료,서울시 서초구 서초동   1573-5 ~ 서초동   1576-2,특별시도,차도,전력/전기,3,보통,0.6,잔여위험,대로,50,3,True,✅ 서초구 서초동 지역 전력/전기 공사가 완료되었습니다. 복구 상태를 확인하세요.,37.4933,127.0135,API성공
일반-210602-00,서초구,서초동,2022-05-24,2022-11-30,완료,서울시 서초구 서초동   1573-5 ~ 서초동   1576-2,특별시도,보도,전력/전기,3,보통,0.6,잔여위험,대로,50,3,True,✅ 서초구 서초동 지역 전력/전기 공사가 완료되었습니다. 복구 상태를 확인하세요.,37.4933,127.0135,API성공
일반-210602-00,서초구,서초동,2022-05-24,2022-11-30,완료,서울시 서초구 서초동   1573-5 ~ 서초동   1576-2,구도,차도,전력/전기,3,보통,0.6,잔여위험,소로,50,3,True,✅ 서초구 서초동 지역 전력/전기 공사가 완료되었습니다. 복구 상태를 확인하세요.,37.4933,127.0135,API성공
일반-210602-00,서초구,서초동,2022-05-24,2022-11-30,완료,서울시 서초구 서초동   1573-5 ~ 서초동   1576-2,기타,보도,전력/전기,3,보통,0.6,잔여위험,기타,50,3,True,✅ 서초구 서초동 지역 전력/전기 공사가 완료되었습니다. 복구 상태를 확인하세요.,37.4933,127.0135,API성공
일반-210602-00,서초구,서초동,2022-05-24,2022-11-30,완료,서울시 서초구 서초동   1573-5 ~ 서초동   1576-2,구도,보도,전력/전기,3,보통,0.6,잔여위험,소로,50,3,True,✅ 서초구 서초동 지역 전력/전기 공사가 완료되었습니다. 복구 상태를 확인하세요.,37.4933,127.0135,API성공
일반-210602-03,서초구,서초동,2022-05-24,2022-11-30,완료,서울시 서초구 서초동   1573-5 ~ 서초동   1576-2,특별시도,보도,전력/전기,3,보통,0.6,잔여위험,대로,50,3,True,✅ 서초구 서초동 지역 전력/전기 공사가 완료되었습니다. 복구 상태를 확인하세요.,37.4933,127.0135,API성공
일반-210602-03,서초구,서초동,2022-05-24,2022-11-30,완료,서울시 서초구 서초동   1573-5 ~ 서초동   1576-2,구도,차도,전력/전기,3,보통,0.6,잔여위험,소로,50,3,True,✅ 서초구 서초동 지역 전력/전기 공사가 완료되었습니다. 복구 상태를 확인하세요.,37.4933,127.0135,API성공
일반-210602-03,서초구,서초동,2022-05-24,2022-11-30,완료,서울시 서초구 서초동   1573-5 ~ 서초동   1576-2,기타,보도,전력/전기,3,보통,0.6,잔여위험,기타,50,3,True,✅ 서초구 서초동 지역 전력/전기 공사가 완료되었습니다. 복구 상태를 확인하세요.,37.4933,127.0135,API성공
일반-210602-05,서초구,서초동,2022-05-24,2022-11-30,완료,서울시 서초구 서초동   1573-5 ~ 서초동   1576-2,특별시도,차도,전력/전기,3,보통,0.6,잔여위험,대로,50,3,True,✅ 서초구 서초동 지역 전력/전기 공사가 완료되었습니다. 복구 상태를 확인하세요.,37.4933,127.0135,API성공
일반-210602-07,서초구,서초동,2022-05-24,2022-11-30,완료,서울시 서초구 서초동   1573-5 ~ 서초동   1576-2,특별시도,차도,전력/전기,3,보통,0.6,잔여위험,대로,50,3,True,✅ 서초구 서초동 지역 전력/전기 공사가 완료되었습니다. 복구 상태를 확인하세요.,37.4933,127.0135,API성공
일반-210602-08,서초구,서초동,2022-05-24,2022-11-30,완료,서울시 서초구 서초동   1573-5 ~ 서초동   1576-2,특별시도,차도,전력/전기,3,보통,0.6,잔여위험,대로,50,3,True,✅ 서초구 서초동 지역 전력/전기 공사가 완료되었습니다. 복구 상태를 확인하세요.,37.4933,127.0135,API성공
일반-210603-04,서초구,서초동,2022-05-24,2022-11-30,완료,서울시 서초구 서초동   1573-5 ~ 서초동   1576-2,특별시도,보도,전력/전기,3,보통,0.6,잔여위험,대로,50,3,True,✅ 서초구 서초동 지역 전력/전기 공사가 완료되었습니다. 복구 상태를 확인하세요.,37.4933,127.0135,API성공
일반-210603-04,서초구,서초동,2022-05-24,2022-11-30,완료,서울시 서초구 서초동   1573-5 ~ 서초동   1576-2,구도,차도,전력/전기,3,보통,0.6,잔여위험,소로,50,3,True,✅ 서초구 서초동 지역 전력/전기 공사가 완료되었습니다. 복구 상태를 확인하세요.,37.4933,127.0135,API성공
일반-210603-04,서초구,서초동,2022-05-24,2022-11-30,완료,서울시 서초구 서초동   1573-5 ~ 서초동   1576-2,기타,보도,전력/전기,3,보통,0.6,잔여위험,기타,50,3,True,✅ 서초구 서초동 지역 전력/전기 공사가 완료되었습니다. 복구 상태를 확인하세요.,37.4933,127.0135,API성공
일반-210603-04,서초구,서초동,2022-05-24,2022-11-30,완료,서울시 서초구 서초동   1573-5 ~ 서초동   1576-2,구도,보도,전력/전기,3,보통,0.6,잔여위험,소로,50,3,True,✅ 서초구 서초동 지역 전력/전기 공사가 완료되었습니다. 복구 상태를 확인하세요.,37.4933,127.0135,API성공
일반-210603-08,서초구,서초동,2022-05-24,2022-11-30,완료,서울시 서초구 서초동   1573-5 ~ 서초동   1576-2,특별시도,보도,전력/전기,3,보통,0.6,잔여위험,대로,50,3,True,✅ 서초구 서초동 지역 전력/전기 공사가 완료되었습니다. 복구 상태를 확인하세요.,37.4933,127.0135,API성공
일반-210603-08,서초구,서초동,2022-05-24,2022-11-30,완료,서울시 서초구 서초동   1573-5 ~ 서초동   1576-2,구도,차도,전력/전기,3,보통,0.6,잔여위험,소로,50,3,True,✅ 서초구 서초동 지역 전력/전기 공사가 완료되었습니다. 복구 상태를 확인하세요.,37.4933,127.0135,API성공
일반-210603-08,서초구,서초동,2022-05-24,2022-11-30,완료,서울시 서초구 서초동   1573-5 ~ 서초동   1576-2,기타,보도,전력/전기,3,보통,0.6,잔여위험,기타,50,3,True,✅ 서초구 서초동 지역 전력/전기 공사가 완료되었습니다. 복구 상태를 확인하세요.,37.4933,127.0135,API성공
일반-210603-68,서초구,서초동,2022-05-24,2022-11-30,완료,서울시 서초구 서초동   1573-6 ~ 서초동   1576-2,특별시도,차도,전력/전기,3,보통,0.6,잔여위험,대로,50,3,True,✅ 서초구 서초동 지역 전력/전기 공사가 완료되었습니다. 복구 상태를 확인하세요.,37.4932,127.0133,API성공
일반-210603-67,서초구,서초동,2022-05-24,2022-11-30,완료,서울시 서초구 서초동   1573-5 ~ 서초동   1576-2,특별시도,차도,전력/전기,3,보통,0.6,잔여위험,대로,50,3,True,✅ 서초구 서초동 지역 전력/전기 공사가 완료되었습니다. 복구 상태를 확인하세요.,37.4933,127.0135,API성공
일반-210603-65,서초구,서초동,2022-05-24,2022-11-30,완료,서울시 서초구 서초동   1573-5 ~ 서초동   1576-2,특별시도,차도,전력/전기,3,보통,0.6,잔여위험,대로,50,3,True,✅ 서초구 서초동 지역 전력/전기 공사가 완료되었습니다. 복구 상태를 확인하세요.,37.4933,127.0135,API성공
일반-210722-34,서초구,서초동,2022-05-24,2022-08-31,완료,서울시 서초구 서초동   1603-7 ~ 서초동   1426-2,특별시도,차도,전력/전기,3,보통,0.6,잔여위험,대로,50,3,True,✅ 서초구 서초동 지역 전력/전기 공사가 완료되었습니다. 복구 상태를 확인하세요.,37.4855,127.0162,API성공
일반-210331-36,성북구,정릉동,2022-05-11,2022-11-30,완료,서울시 성북구 정릉동   506-9 ~ 정릉동   506-24,구도,차도,전력/전기,3,보통,0.6,잔여위험,소로,50,3,True,✅ 성북구 정릉동 지역 전력/전기 공사가 완료되었습니다. 복구 상태를 확인하세요.,37.6013,127.0096,API성공
일반-210331-24,성북구,정릉동,2022-05-11,2022-11-30,완료,서울시 성북구 정릉동   446-4 ~ 정릉동   506-7,구도,차도,전력/전기,3,보통,0.6,잔여위험,소로,50,3,True,✅ 성북구 정릉동 지역 전력/전기 공사가 완료되었습니다. 복구 상태를 확인하세요.,37.6028,127.0114,API성공
일반-210331-36,성북구,정릉동,2022-05-11,2022-11-30,완료,서울시 성북구 정릉동   966-167 ~ 정릉동   506-41,구도,차도,전력/전기,3,보통,0.6,잔여위험,소로,50,3,True,✅ 성북구 정릉동 지역 전력/전기 공사가 완료되었습니다. 복구 상태를 확인하세요.,37.6014,127.0101,API성공
일반-210331-36,성북구,정릉동,2022-05-11,2022-11-30,완료,서울시 성북구 정릉동   506-19 ~ 정릉동   506-100,구도,차도,전력/전기,3,보통,0.6,잔여위험,소로,50,3,True,✅ 성북구 정릉동 지역 전력/전기 공사가 완료되었습니다. 복구 상태를 확인하세요.,37.601,127.0081,API성공
일반-210331-36,성북구,정릉동,2022-05-11,2022-11-30,완료,서울시 성북구 정릉동   506-66 ~ 정릉동   5506-160,구도,차도,전력/전기,3,보통,0.6,잔여위험,소로,50,3,True,✅ 성북구 정릉동 지역 전력/전기 공사가 완료되었습니다. 복구 상태를 확인하세요.,37.6009,127.0089,API성공
일반-210331-36,성북구,정릉동,2022-05-11,2022-11-30,완료,서울시 성북구 정릉동   506-38 ~ 정릉동   506-46,구도,차도,전력/전기,3,보통,0.6,잔여위험,소로,50,3,True,✅ 성북구 정릉동 지역 전력/전기 공사가 완료되었습니다. 복구 상태를 확인하세요.,37.6011,127.0085,API성공
일반-210517-91,성북구,정릉동,2022-04-29,2022-11-30,완료,서울시 성북구 정릉동   정릉동 986 ~ 정릉동   정릉동 635-4,구도,차도,전력/전기,3,보통,0.6,잔여위험,소로,50,3,True,✅ 성북구 정릉동 지역 전력/전기 공사가 완료되었습니다. 복구 상태를 확인하세요.,37.6021,127.0102,API성공
일반-220406-25,강남구,삼성동,2022-04-29,2022-10-31,완료,서울시 강남구 삼성동   봉은사로68길 57 앞 맞은편 보도 ~ 삼성동   봉은사로68길 61 앞 맞은편 보도,구도,보도,전력/전기,3,보통,0.6,잔여위험,소로,50,3,True,✅ 강남구 삼성동 지역 전력/전기 공사가 완료되었습니다. 복구 상태를 확인하세요.,37.5023,127.0228,구중심(강남구)
일반-220329-69,강남구,삼성동,2022-04-29,2022-10-31,완료,서울시 강남구 삼성동   삼성로 518 앞 도로 ~ 삼성동   삼성로 512 앞 도로,특별시도,차도,전력/전기,3,보통,0.6,잔여위험,대로,50,3,True,✅ 강남구 삼성동 지역 전력/전기 공사가 완료되었습니다. 복구 상태를 확인하세요.,37.4932,127.0368,구중심(강남구)
일반-220329-69,강남구,삼성동,2022-04-29,2022-10-31,완료,서울시 강남구 삼성동   테헤란로87길 25 앞 도로 ~ 삼성동   테헤란로87길 33 앞 도로,구도,차도,전력/전기,3,보통,0.6,잔여위험,소로,50,3,True,✅ 강남구 삼성동 지역 전력/전기 공사가 완료되었습니다. 복구 상태를 확인하세요.,37.5004,127.0284,구중심(강남구)
일반-220406-25,강남구,삼성동,2022-04-29,2022-10-31,완료,서울시 강남구 삼성동   선릉로 530 뒷 도로 ~ 삼성동   삼성로95길 29 앞 도로,구도,보도,전력/전기,3,보통,0.6,잔여위험,소로,50,3,True,✅ 강남구 삼성동 지역 전력/전기 공사가 완료되었습니다. 복구 상태를 확인하세요.,37.5,127.0206,구중심(강남구)
일반-220406-25,강남구,삼성동,2022-04-29,2022-10-31,완료,서울시 강남구 삼성동   선릉로100길 8 앞 보도 ~ 삼성동   선릉로100길 42 앞 보도,구도,보도,전력/전기,3,보통,0.6,잔여위험,소로,50,3,True,✅ 강남구 삼성동 지역 전력/전기 공사가 완료되었습니다. 복구 상태를 확인하세요.,37.5039,127.0218,구중심(강남구)
일반-220406-25,강남구,삼성동,2022-04-29,2022-10-31,완료,서울시 강남구 삼성동   선릉로100길 42 앞 보도 ~ 삼성동   삼성로95길 14 앞 맞은편 보도,구도,보도,전력/전기,3,보통,0.6,잔여위험,소로,50,3,True,✅ 강남구 삼성동 지역 전력/전기 공사가 완료되었습니다. 복구 상태를 확인하세요.,37.4987,127.0279,구중심(강남구)
일반-220406-25,강남구,삼성동,2022-04-29,2022-10-31,완료,서울시 강남구 삼성동   봉은사로68길 41 앞 맞은편 보도 ~ 삼성동   봉은사로68길 47 앞 맞은편 보도,구도,보도,전력/전기,3,보통,0.6,잔여위험,소로,50,3,True,✅ 강남구 삼성동 지역 전력/전기 공사가 완료되었습니다. 복구 상태를 확인하세요.,37.4883,127.0181,구중심(강남구)
일반-220406-25,강남구,삼성동,2022-04-29,2022-10-31,완료,서울시 강남구 삼성동   봉은사로68길 27 앞 맞은편 보도 ~ 삼성동   봉은사로68길 35 앞 맞은편 보도,구도,보도,전력/전기,3,보통,0.6,잔여위험,소로,50,3,True,✅ 강남구 삼성동 지역 전력/전기 공사가 완료되었습니다. 복구 상태를 확인하세요.,37.4981,127.0207,구중심(강남구)
일반-220406-25,강남구,삼성동,2022-04-29,2022-10-31,완료,서울시 강남구 삼성동   봉은사로68길 11 앞 맞은편 보도 ~ 삼성동   봉은사로70길 15 옆 맞은편 보도,구도,보도,전력/전기,3,보통,0.6,잔여위험,소로,50,3,True,✅ 강남구 삼성동 지역 전력/전기 공사가 완료되었습니다. 복구 상태를 확인하세요.,37.5058,127.0251,구중심(강남구)
일반-220406-25,강남구,삼성동,2022-04-29,2022-10-31,완료,서울시 강남구 삼성동   삼성로 520 앞 보도 ~ 삼성동   삼성로 520 앞 보도,구도,보도,전력/전기,3,보통,0.6,잔여위험,소로,50,3,True,✅ 강남구 삼성동 지역 전력/전기 공사가 완료되었습니다. 복구 상태를 확인하세요.,37.4927,127.0254,구중심(강남구)
일반-220406-25,강남구,삼성동,2022-04-29,2022-10-31,완료,서울시 강남구 삼성동   삼성로96길 9 앞 보도 ~ 삼성동   삼성로96길 13 앞 보도,구도,보도,전력/전기,3,보통,0.6,잔여위험,소로,50,3,True,✅ 강남구 삼성동 지역 전력/전기 공사가 완료되었습니다. 복구 상태를 확인하세요.,37.4974,127.0305,구중심(강남구)
일반-220406-25,강남구,삼성동,2022-04-29,2022-10-31,완료,서울시 강남구 삼성동   삼성로96길 19 앞 보도 ~ 삼성동   삼성로96길 19 앞 보도,구도,보도,전력/전기,3,보통,0.6,잔여위험,소로,50,3,True,✅ 강남구 삼성동 지역 전력/전기 공사가 완료되었습니다. 복구 상태를 확인하세요.,37.5042,127.0359,구중심(강남구)
일반-220406-25,강남구,삼성동,2022-04-29,2022-10-31,완료,서울시 강남구 삼성동   삼성로96길 23 앞 보도 ~ 삼성동   삼성로96길 23 앞 보도,구도,보도,전력/전기,3,보통,0.6,잔여위험,소로,50,3,True,✅ 강남구 삼성동 지역 전력/전기 공사가 완료되었습니다. 복구 상태를 확인하세요.,37.4889,127.0295,구중심(강남구)
일반-220406-25,강남구,삼성동,2022-04-29,2022-10-31,완료,서울시 강남구 삼성동   테헤란로81길 26 앞 보도 ~ 삼성동   테헤란로81길 26 앞 보도,구도,보도,전력/전기,3,보통,0.6,잔여위험,소로,50,3,True,✅ 강남구 삼성동 지역 전력/전기 공사가 완료되었습니다. 복구 상태를 확인하세요.,37.5073,127.0255,구중심(강남구)
일반-220406-25,강남구,삼성동,2022-04-29,2022-10-31,완료,서울시 강남구 삼성동   삼성로96길 12 앞 보도 ~ 삼성동   삼성로96길 12 앞 보도,구도,보도,전력/전기,3,보통,0.6,잔여위험,소로,50,3,True,✅ 강남구 삼성동 지역 전력/전기 공사가 완료되었습니다. 복구 상태를 확인하세요.,37.4968,127.0313,구중심(강남구)
일반-220406-25,강남구,삼성동,2022-04-29,2022-10-31,완료,서울시 강남구 삼성동   삼성로96길 14 앞 보도 ~ 삼성동   삼성로96길 14 앞 보도,구도,보도,전력/전기,3,보통,0.6,잔여위험,소로,50,3,True,✅ 강남구 삼성동 지역 전력/전기 공사가 완료되었습니다. 복구 상태를 확인하세요.,37.4896,127.0318,구중심(강남구)
일반-220406-25,강남구,삼성동,2022-04-29,2022-10-31,완료,서울시 강남구 삼성동   테헤란로83길 21 앞 보도 ~ 삼성동   테헤란로83길 21 앞 보도,구도,보도,전력/전기,3,보통,0.6,잔여위험,소로,50,3,True,✅ 강남구 삼성동 지역 전력/전기 공사가 완료되었습니다. 복구 상태를 확인하세요.,37.4924,127.0282,구중심(강남구)
일반-220406-25,강남구,삼성동,2022-04-29,2022-10-31,완료,서울시 강남구 삼성동   삼성로96길 20 앞 보도 ~ 삼성동   삼성로96길 20 앞 보도,구도,보도,전력/전기,3,보통,0.6,잔여위험,소로,50,3,True,✅ 강남구 삼성동 지역 전력/전기 공사가 완료되었습니다. 복구 상태를 확인하세요.,37.5062,127.018,구중심(강남구)
일반-220406-25,강남구,삼성동,2022-04-29,2022-10-31,완료,서울시 강남구 삼성동   삼성로96길 20 앞 보도 ~ 삼성동   삼성로96길 20 앞 보도,구도,보도,전력/전기,3,보통,0.6,잔여위험,소로,50,3,True,✅ 강남구 삼성동 지역 전력/전기 공사가 완료되었습니다. 복구 상태를 확인하세요.,37.4886,127.0279,구중심(강남구)
일반-220406-20,강남구,삼성동,2022-04-29,2022-10-31,완료,서울시 강남구 삼성동   봉은사로 458 옆 도로 ~ 삼성동   삼성로95길 29 앞 도로,구도,차도,전력/전기,3,보통,0.6,잔여위험,소로,50,3,True,✅ 강남구 삼성동 지역 전력/전기 공사가 완료되었습니다. 복구 상태를 확인하세요.,37.5046,127.0369,구중심(강남구)
일반-220406-20,강남구,삼성동,2022-04-29,2022-10-31,완료,서울시 강남구 삼성동   선릉로 530 옆 도로 ~ 삼성동   삼성로95길 10 앞 도로,구도,차도,전력/전기,3,보통,0.6,잔여위험,소로,50,3,True,✅ 강남구 삼성동 지역 전력/전기 공사가 완료되었습니다. 복구 상태를 확인하세요.,37.5054,127.0182,구중심(강남구)
일반-220406-20,강남구,삼성동,2022-04-29,2022-10-31,완료,서울시 강남구 삼성동   선릉로100길 24 옆 도로 ~ 삼성동   선릉로 96길 5-4 앞 도로,구도,차도,전력/전기,3,보통,0.6,잔여위험,소로,50,3,True,✅ 강남구 삼성동 지역 전력/전기 공사가 완료되었습니다. 복구 상태를 확인하세요.,37.4997,127.0201,구중심(강남구)
일반-220406-20,강남구,삼성동,2022-04-29,2022-10-31,완료,서울시 강남구 삼성동   선릉로 100길 34 옆 도로 ~ 삼성동   선릉로 100길 30 뒷 도로,구도,차도,전력/전기,3,보통,0.6,잔여위험,소로,50,3,True,✅ 강남구 삼성동 지역 전력/전기 공사가 완료되었습니다. 복구 상태를 확인하세요.,37.5045,127.0274,구중심(강남구)
일반-220406-20,강남구,삼성동,2022-04-29,2022-10-31,완료,서울시 강남구 삼성동   선릉로100길 54 앞 도로 ~ 삼성동   선릉로92길 37-5 앞 도로,구도,차도,전력/전기,3,보통,0.6,잔여위험,소로,50,3,True,✅ 강남구 삼성동 지역 전력/전기 공사가 완료되었습니다. 복구 상태를 확인하세요.,37.4881,127.025,구중심(강남구)
일반-220406-20,강남구,삼성동,2022-04-29,2022-10-31,완료,서울시 강남구 삼성동   테헤란로69길 13 앞 도로 ~ 삼성동   테헤란로69길 9 앞 도로,구도,차도,전력/전기,3,보통,0.6,잔여위험,소로,50,3,True,✅ 강남구 삼성동 지역 전력/전기 공사가 완료되었습니다. 복구 상태를 확인하세요.,37.5059,127.0295,구중심(강남구)
일반-220406-20,강남구,삼성동,2022-04-29,2022-10-31,완료,서울시 강남구 삼성동   테헤란로77길 26 앞 도로 ~ 삼성동   테헤란로 77길 13 앞 도로,구도,차도,전력/전기,3,보통,0.6,잔여위험,소로,50,3,True,✅ 강남구 삼성동 지역 전력/전기 공사가 완료되었습니다. 복구 상태를 확인하세요.,37.4932,127.0189,구중심(강남구)
일반-220406-20,강남구,삼성동,2022-04-29,2022-10-31,완료,서울시 강남구 삼성동   테헤란로79길 25 앞 도로 ~ 삼성동   테헤란로79길 11-1 앞 도로,구도,차도,전력/전기,3,보통,0.6,잔여위험,소로,50,3,True,✅ 강남구 삼성동 지역 전력/전기 공사가 완료되었습니다. 복구 상태를 확인하세요.,37.4915,127.0214,구중심(강남구)
일반-220406-20,강남구,삼성동,2022-04-29,2022-10-31,완료,서울시 강남구 삼성동   봉은사로68길 61 앞 도로 ~ 삼성동   삼성로99길 22 앞 도로,구도,차도,전력/전기,3,보통,0.6,잔여위험,소로,50,3,True,✅ 강남구 삼성동 지역 전력/전기 공사가 완료되었습니다. 복구 상태를 확인하세요.,37.5059,127.0228,구중심(강남구)
일반-220406-20,강남구,삼성동,2022-04-29,2022-10-31,완료,서울시 강남구 삼성동   삼성로 520 옆 도로 ~ 삼성동   테헤란로87길 25 옆 도로,구도,차도,전력/전기,3,보통,0.6,잔여위험,소로,50,3,True,✅ 강남구 삼성동 지역 전력/전기 공사가 완료되었습니다. 복구 상태를 확인하세요.,37.4939,127.0294,구중심(강남구)
일반-220406-20,강남구,삼성동,2022-04-29,2022-10-31,완료,서울시 강남구 삼성동   테헤란로83길 29 앞 도로 ~ 삼성동   테헤란로83길 19 앞 도로,구도,차도,전력/전기,3,보통,0.6,잔여위험,소로,50,3,True,✅ 강남구 삼성동 지역 전력/전기 공사가 완료되었습니다. 복구 상태를 확인하세요.,37.4993,127.0274,구중심(강남구)
일반-220406-20,강남구,삼성동,2022-04-29,2022-10-31,완료,서울시 강남구 삼성동   삼성로96길 15 앞 도로 ~ 삼성동   테헤란로83길 19 앞 도로,구도,차도,전력/전기,3,보통,0.6,잔여위험,소로,50,3,True,✅ 강남구 삼성동 지역 전력/전기 공사가 완료되었습니다. 복구 상태를 확인하세요.,37.4882,127.0366,구중심(강남구)
일반-220406-20,강남구,삼성동,2022-04-29,2022-10-31,완료,서울시 강남구 삼성동   봉은사로68길 57 옆 도로 ~ 삼성동   봉은사로68길 55-3 앞 도로,구도,차도,전력/전기,3,보통,0.6,잔여위험,소로,50,3,True,✅ 강남구 삼성동 지역 전력/전기 공사가 완료되었습니다. 복구 상태를 확인하세요.,37.4984,127.0179,구중심(강남구)
일반-220406-20,강남구,삼성동,2022-04-29,2022-10-31,완료,서울시 강남구 삼성동   봉은사로68길 49 옆 도로 ~ 삼성동   봉은사로68길 49-3 앞 도로,구도,차도,전력/전기,3,보통,0.6,잔여위험,소로,50,3,True,✅ 강남구 삼성동 지역 전력/전기 공사가 완료되었습니다. 복구 상태를 확인하세요.,37.5041,127.037,구중심(강남구)
일반-220406-20,강남구,삼성동,2022-04-29,2022-10-31,완료,서울시 강남구 삼성동   봉은사로68길 41 옆 도로 ~ 삼성동   삼성로 549 앞 도로,구도,차도,전력/전기,3,보통,0.6,잔여위험,소로,50,3,True,✅ 강남구 삼성동 지역 전력/전기 공사가 완료되었습니다. 복구 상태를 확인하세요.,37.4889,127.0321,구중심(강남구)
일반-220406-20,강남구,삼성동,2022-04-29,2022-10-31,완료,서울시 강남구 삼성동   삼성로103길 19 앞 도로 ~ 삼성동   삼성로103길 17-6 앞 도로,구도,차도,전력/전기,3,보통,0.6,잔여위험,소로,50,3,True,✅ 강남구 삼성동 지역 전력/전기 공사가 완료되었습니다. 복구 상태를 확인하세요.,37.5033,127.0212,구중심(강남구)
일반-220406-20,강남구,삼성동,2022-04-29,2022-10-31,완료,서울시 강남구 삼성동   삼성로103길 11 앞 도로 ~ 삼성동   삼성로103길 11-7 앞 도로,구도,차도,전력/전기,3,보통,0.6,잔여위험,소로,50,3,True,✅ 강남구 삼성동 지역 전력/전기 공사가 완료되었습니다. 복구 상태를 확인하세요.,37.4939,127.0305,구중심(강남구)
일반-220406-20,강남구,삼성동,2022-04-29,2022-10-31,완료,서울시 강남구 삼성동   봉은사로78길 34 앞길 ~ 삼성동   테헤란로79길 51 앞길,구도,차도,전력/전기,3,보통,0.6,잔여위험,소로,50,3,True,✅ 강남구 삼성동 지역 전력/전기 공사가 완료되었습니다. 복구 상태를 확인하세요.,37.5038,127.0331,구중심(강남구)
일반-220406-27,강남구,삼성동,2022-04-29,2022-10-31,완료,서울시 강남구 삼성동   삼성로 518 앞 보도 ~ 삼성동   삼성로 518 앞 보도,특별시도,보도,전력/전기,3,보통,0.6,잔여위험,대로,50,3,True,✅ 강남구 삼성동 지역 전력/전기 공사가 완료되었습니다. 복구 상태를 확인하세요.,37.4927,127.0285,구중심(강남구)
일반-220406-20,강남구,삼성동,2022-04-29,2022-10-31,완료,서울시 강남구 삼성동   봉은사로68길 23 옆 도로 ~ 삼성동   삼성로107길 34 옆 도로,구도,차도,전력/전기,3,보통,0.6,잔여위험,소로,50,3,True,✅ 강남구 삼성동 지역 전력/전기 공사가 완료되었습니다. 복구 상태를 확인하세요.,37.4945,127.0365,구중심(강남구)
일반-220406-27,강남구,삼성동,2022-04-29,2022-10-31,완료,서울시 강남구 삼성동   테헤란로87길 29 앞 보도 ~ 삼성동   테헤란로87길 29 앞 보도,구도,보도,전력/전기,3,보통,0.6,잔여위험,소로,50,3,True,✅ 강남구 삼성동 지역 전력/전기 공사가 완료되었습니다. 복구 상태를 확인하세요.,37.4898,127.0336,구중심(강남구)
일반-220406-27,강남구,삼성동,2022-04-29,2022-10-31,완료,서울시 강남구 삼성동   테헤란로87길 21 앞 보도 ~ 삼성동   테헤란로87길 21 앞 보도,구도,보도,전력/전기,3,보통,0.6,잔여위험,소로,50,3,True,✅ 강남구 삼성동 지역 전력/전기 공사가 완료되었습니다. 복구 상태를 확인하세요.,37.5077,127.0259,구중심(강남구)
일반-220406-20,강남구,삼성동,2022-04-29,2022-10-31,완료,서울시 강남구 삼성동   봉은사로68길 9 앞 도로 ~ 삼성동   봉은사로 442-9 옆 도로,구도,차도,전력/전기,3,보통,0.6,잔여위험,소로,50,3,True,✅ 강남구 삼성동 지역 전력/전기 공사가 완료되었습니다. 복구 상태를 확인하세요.,37.4984,127.0306,구중심(강남구)
일반-220406-20,강남구,삼성동,2022-04-29,2022-10-31,완료,서울시 강남구 삼성동   봉은사로68길 5 앞 도로 ~ 삼성동   봉은사로68길 6-10 앞 도로,구도,차도,전력/전기,3,보통,0.6,잔여위험,소로,50,3,True,✅ 강남구 삼성동 지역 전력/전기 공사가 완료되었습니다. 복구 상태를 확인하세요.,37.4975,127.022,구중심(강남구)
일반-220314-48,강남구,삼성동,2022-04-22,2022-10-31,완료,서울시 강남구 삼성동   135-4 ~ 삼성동   154-12,기타,보도,전력/전기,3,보통,0.6,잔여위험,기타,50,3,True,✅ 강남구 삼성동 지역 전력/전기 공사가 완료되었습니다. 복구 상태를 확인하세요.,37.5071,127.0494,API성공
일반-220314-48,강남구,삼성동,2022-04-22,2022-10-31,완료,서울시 강남구 삼성동   135-4 ~ 삼성동   154-12,특별시도,차도,전력/전기,3,보통,0.6,잔여위험,대로,50,3,True,✅ 강남구 삼성동 지역 전력/전기 공사가 완료되었습니다. 복구 상태를 확인하세요.,37.5071,127.0494,API성공
일반-220314-48,강남구,삼성동,2022-04-22,2022-10-31,완료,서울시 강남구 삼성동   135-4 ~ 삼성동   154-12,구도,차도,전력/전기,3,보통,0.6,잔여위험,소로,50,3,True,✅ 강남구 삼성동 지역 전력/전기 공사가 완료되었습니다. 복구 상태를 확인하세요.,37.5071,127.0494,API성공
일반-210604-51,종로구,궁정동,2022-04-20,2022-11-30,완료,서울시 종로구 궁정동   12-1 ~ 청운동   6-11,구도,보도,도로,2,낮음,0.4,잔여위험,소로,20,3,False,✅ 종로구 궁정동 지역 도로 공사가 완료되었습니다.,37.5841,126.9705,API성공
일반-210604-51,종로구,신교동,2022-04-20,2022-11-30,완료,서울시 종로구 신교동   66 ~ 청운동   7-29,구도,보도,도로,2,낮음,0.4,잔여위험,소로,20,3,False,✅ 종로구 신교동 지역 도로 공사가 완료되었습니다.,37.584,126.9698,API성공
일반-210604-51,종로구,궁정동,2022-04-20,2022-11-30,완료,서울시 종로구 궁정동   13-7 ~ 적선동   107-1,구도,보도,도로,2,낮음,0.4,잔여위험,소로,20,3,False,✅ 종로구 궁정동 지역 도로 공사가 완료되었습니다.,37.5836,126.9706,API성공
일반-211019-60,종로구,통의동,2022-04-20,2022-11-30,완료,서울시 종로구 통의동   49-1 ~ 통의동   49-1,특별시도,보도,기타,3,보통,0.6,잔여위험,대로,50,3,True,✅ 종로구 통의동 지역 기타 공사가 완료되었습니다. 복구 상태를 확인하세요.,37.5766,126.9726,API성공
일반-210428-27,용산구,후암동,2022-04-20,2022-06-21,완료,서울시 용산구 후암동   443-8 ~ 후암동   443-8,구도,차도,상하수도,4,높음,0.8,잔여위험,소로,100,3,True,✅ 용산구 후암동 지역 상하수도 공사가 완료되었습니다. 복구 상태를 확인하세요.,37.5538,126.9774,API성공
일반-210930-29,강동구,천호동,2022-04-07,2022-07-30,완료,서울시 강동구 천호동   293-11 ~ 천호동   293-11,구도,보도,전력/전기,3,보통,0.6,잔여위험,소로,50,3,True,✅ 강동구 천호동 지역 전력/전기 공사가 완료되었습니다. 복구 상태를 확인하세요.,37.5464,127.1339,API성공
일반-210930-29,강동구,천호동,2022-04-07,2022-07-30,완료,서울시 강동구 천호동   293-14 ~ 천호동   293-14,특별시도,보도,전력/전기,3,보통,0.6,잔여위험,대로,50,3,True,✅ 강동구 천호동 지역 전력/전기 공사가 완료되었습니다. 복구 상태를 확인하세요.,37.5467,127.1341,API성공
일반-210930-29,강동구,천호동,2022-04-07,2022-07-30,완료,서울시 강동구 천호동   238-1 ~ 천호동   238-1,특별시도,보도,전력/전기,3,보통,0.6,잔여위험,대로,50,3,True,✅ 강동구 천호동 지역 전력/전기 공사가 완료되었습니다. 복구 상태를 확인하세요.,37.5463,127.1343,API성공
일반-220224-11,관악구,신림동,2022-04-06,2023-11-28,완료,서울시 관악구 신림동   신림역8번출입구 인근((남부순환로 1614일원,특별시도,차도/보도,기타,3,보통,0.6,잔여위험,대로,50,3,True,✅ 관악구 신림동 지역 기타 공사가 완료되었습니다. 복구 상태를 확인하세요.,37.4736,126.9461,구중심(관악구)
일반-210930-34,강동구,천호동,2022-04-06,2022-07-31,완료,서울시 강동구 천호동   237-66 ~ 천호동   217-61,특별시도,보도,전력/전기,3,보통,0.6,잔여위험,대로,50,3,True,✅ 강동구 천호동 지역 전력/전기 공사가 완료되었습니다. 복구 상태를 확인하세요.,37.5461,127.1341,API성공
일반-210930-34,강동구,천호동,2022-04-06,2022-07-31,완료,서울시 강동구 천호동   294-20 ~ 천호동   297-10,구도,보도,전력/전기,3,보통,0.6,잔여위험,소로,50,3,True,✅ 강동구 천호동 지역 전력/전기 공사가 완료되었습니다. 복구 상태를 확인하세요.,37.5461,127.1336,API성공
일반-210929-03,강동구,천호동,2022-04-06,2022-07-31,완료,서울시 강동구 천호동   234-6 ~ 천호동   224-37,구도,차도,전력/전기,3,보통,0.6,잔여위험,소로,50,3,True,✅ 강동구 천호동 지역 전력/전기 공사가 완료되었습니다. 복구 상태를 확인하세요.,37.5466,127.1349,API성공
일반-210929-03,강동구,천호동,2022-04-06,2022-07-31,완료,서울시 강동구 천호동   234-6 ~ 천호동   224-4,구도,차도,전력/전기,3,보통,0.6,잔여위험,소로,50,3,True,✅ 강동구 천호동 지역 전력/전기 공사가 완료되었습니다. 복구 상태를 확인하세요.,37.5466,127.1349,API성공
일반-210929-31,강동구,천호동,2022-04-06,2022-07-31,완료,서울시 강동구 천호동   412-2 ~ 천호동   234-6,특별시도,차도,전력/전기,3,보통,0.6,잔여위험,대로,50,3,True,✅ 강동구 천호동 지역 전력/전기 공사가 완료되었습니다. 복구 상태를 확인하세요.,37.54,127.1276,API성공
일반-210930-37,강동구,천호동,2022-04-06,2022-07-31,완료,서울시 강동구 천호동   217-71 ~ 천호동   217-71,특별시도,보도,전력/전기,3,보통,0.6,잔여위험,대로,50,3,True,✅ 강동구 천호동 지역 전력/전기 공사가 완료되었습니다. 복구 상태를 확인하세요.,37.524,127.1329,구중심(강동구)
일반-210929-31,강동구,천호동,2022-04-06,2022-07-31,완료,서울시 강동구 천호동   355 ~ 천호동   293-16,특별시도,차도,전력/전기,3,보통,0.6,잔여위험,대로,50,3,True,✅ 강동구 천호동 지역 전력/전기 공사가 완료되었습니다. 복구 상태를 확인하세요.,37.5415,127.1248,API성공
일반-210930-44,강동구,천호동,2022-04-06,2022-07-31,완료,서울시 강동구 천호동   393-1 ~ 천호동   529-7,특별시도,보도,전력/전기,3,보통,0.6,잔여위험,대로,50,3,True,✅ 강동구 천호동 지역 전력/전기 공사가 완료되었습니다. 복구 상태를 확인하세요.,37.5428,127.1318,API성공
일반-210930-44,강동구,천호동,2022-04-06,2022-07-31,완료,서울시 강동구 천호동   529-7 ~ 천호동   529-7,특별시도,보도,전력/전기,3,보통,0.6,잔여위험,대로,50,3,True,✅ 강동구 천호동 지역 전력/전기 공사가 완료되었습니다. 복구 상태를 확인하세요.,37.5413,127.1304,API성공
일반-210930-45,강동구,천호동,2022-04-06,2022-07-31,완료,서울시 강동구 천호동   530-1 ~ 천호동   550-4,구도,보도,전력/전기,3,보통,0.6,잔여위험,소로,50,3,True,✅ 강동구 천호동 지역 전력/전기 공사가 완료되었습니다. 복구 상태를 확인하세요.,37.541,127.1302,API성공
일반-210929-03,강동구,천호동,2022-04-06,2022-07-31,완료,서울시 강동구 천호동   293-13 ~ 천호동   293-14,구도,차도,전력/전기,3,보통,0.6,잔여위험,소로,50,3,True,✅ 강동구 천호동 지역 전력/전기 공사가 완료되었습니다. 복구 상태를 확인하세요.,37.5466,127.1341,API성공
일반-210929-03,강동구,천호동,2022-04-06,2022-07-31,완료,서울시 강동구 천호동   293-10 ~ 천호동   293-9,구도,차도,전력/전기,3,보통,0.6,잔여위험,소로,50,3,True,✅ 강동구 천호동 지역 전력/전기 공사가 완료되었습니다. 복구 상태를 확인하세요.,37.5463,127.1338,API성공
일반-210929-06,강동구,천호동,2022-04-06,2022-07-31,완료,서울시 강동구 천호동   280-6 ~ 천호동   278-20,구도,차도,전력/전기,3,보통,0.6,잔여위험,소로,50,3,True,✅ 강동구 천호동 지역 전력/전기 공사가 완료되었습니다. 복구 상태를 확인하세요.,37.5432,127.1319,API성공
일반-210929-03,강동구,천호동,2022-04-06,2022-07-31,완료,서울시 강동구 천호동   224-4 ~ 천호동   224-4,구도,보도,전력/전기,3,보통,0.6,잔여위험,소로,50,3,True,✅ 강동구 천호동 지역 전력/전기 공사가 완료되었습니다. 복구 상태를 확인하세요.,37.5466,127.1354,API성공
일반-210930-02,강동구,천호동,2022-04-06,2022-07-31,완료,서울시 강동구 천호동   550-5 ~ 천호동   550-9,구도,차도,전력/전기,3,보통,0.6,잔여위험,소로,50,3,True,✅ 강동구 천호동 지역 전력/전기 공사가 완료되었습니다. 복구 상태를 확인하세요.,37.5404,127.1281,API성공
일반-210930-02,강동구,천호동,2022-04-06,2022-07-31,완료,서울시 강동구 천호동   548 ~ 천호동   543-4,구도,차도,전력/전기,3,보통,0.6,잔여위험,소로,50,3,True,✅ 강동구 천호동 지역 전력/전기 공사가 완료되었습니다. 복구 상태를 확인하세요.,37.5409,127.1299,API성공
일반-210929-06,강동구,천호동,2022-04-06,2022-07-31,완료,서울시 강동구 천호동   397-70 ~ 천호동   397-419,구도,차도,전력/전기,3,보통,0.6,잔여위험,소로,50,3,True,✅ 강동구 천호동 지역 전력/전기 공사가 완료되었습니다. 복구 상태를 확인하세요.,37.542,127.1311,API성공
일반-210929-01,강동구,천호동,2022-04-06,2022-07-31,완료,서울시 강동구 천호동   237-38 ~ 천호동   237-27,구도,차도,전력/전기,3,보통,0.6,잔여위험,소로,50,3,True,✅ 강동구 천호동 지역 전력/전기 공사가 완료되었습니다. 복구 상태를 확인하세요.,37.5457,127.1337,API성공
일반-210929-01,강동구,천호동,2022-04-06,2022-07-31,완료,서울시 강동구 천호동   297-2 ~ 천호동   297,구도,차도,전력/전기,3,보통,0.6,잔여위험,소로,50,3,True,✅ 강동구 천호동 지역 전력/전기 공사가 완료되었습니다. 복구 상태를 확인하세요.,37.5451,127.1329,API성공
일반-210929-01,강동구,천호동,2022-04-06,2022-07-31,완료,서울시 강동구 천호동   296-16 ~ 천호동   297-10,구도,차도,전력/전기,3,보통,0.6,잔여위험,소로,50,3,True,✅ 강동구 천호동 지역 전력/전기 공사가 완료되었습니다. 복구 상태를 확인하세요.,37.5447,127.1319,API성공
일반-210929-01,강동구,천호동,2022-04-06,2022-07-31,완료,서울시 강동구 천호동   298 ~ 천호동   298-4,구도,차도,전력/전기,3,보통,0.6,잔여위험,소로,50,3,True,✅ 강동구 천호동 지역 전력/전기 공사가 완료되었습니다. 복구 상태를 확인하세요.,37.5444,127.1317,API성공
일반-210929-01,강동구,천호동,2022-04-06,2022-07-31,완료,서울시 강동구 천호동   217-132 ~ 천호동   217-69,구도,차도,전력/전기,3,보통,0.6,잔여위험,소로,50,3,True,✅ 강동구 천호동 지역 전력/전기 공사가 완료되었습니다. 복구 상태를 확인하세요.,37.5447,127.1344,API성공
일반-210929-06,강동구,천호동,2022-04-06,2022-07-31,완료,서울시 강동구 천호동   282-8 ~ 천호동   280-15,구도,차도,전력/전기,3,보통,0.6,잔여위험,소로,50,3,True,✅ 강동구 천호동 지역 전력/전기 공사가 완료되었습니다. 복구 상태를 확인하세요.,37.5434,127.1314,API성공
일반-210929-06,강동구,천호동,2022-04-06,2022-07-31,완료,서울시 강동구 천호동   275-5 ~ 천호동   275-1,구도,차도,전력/전기,3,보통,0.6,잔여위험,소로,50,3,True,✅ 강동구 천호동 지역 전력/전기 공사가 완료되었습니다. 복구 상태를 확인하세요.,37.5436,127.1322,API성공
일반-210930-44,강동구,천호동,2022-04-06,2022-07-31,완료,서울시 강동구 천호동   401-5 ~ 천호동   397-14,특별시도,보도,전력/전기,3,보통,0.6,잔여위험,대로,50,3,True,✅ 강동구 천호동 지역 전력/전기 공사가 완료되었습니다. 복구 상태를 확인하세요.,37.5416,127.1299,API성공
일반-210930-44,강동구,천호동,2022-04-06,2022-07-31,완료,서울시 강동구 천호동   393-13 ~ 천호동   397-27,구도,보도,전력/전기,3,보통,0.6,잔여위험,소로,50,3,True,✅ 강동구 천호동 지역 전력/전기 공사가 완료되었습니다. 복구 상태를 확인하세요.,37.543,127.1314,API성공
일반-210930-37,강동구,천호동,2022-04-06,2022-07-31,완료,서울시 강동구 천호동   279-6 ~ 천호동   394-1,구도,보도,전력/전기,3,보통,0.6,잔여위험,소로,50,3,True,✅ 강동구 천호동 지역 전력/전기 공사가 완료되었습니다. 복구 상태를 확인하세요.,37.5434,127.1321,API성공
일반-210930-37,강동구,천호동,2022-04-06,2022-07-31,완료,서울시 강동구 천호동   298-4 ~ 천호동   383-3,구도,보도,전력/전기,3,보통,0.6,잔여위험,소로,50,3,True,✅ 강동구 천호동 지역 전력/전기 공사가 완료되었습니다. 복구 상태를 확인하세요.,37.5443,127.1323,API성공
일반-210601-62,강남구,논현동,2022-04-04,2022-11-30,완료,서울시 강남구 논현동   279-37 ~ 논현동   279-37,특별시도,보도,전력/전기,3,보통,0.6,잔여위험,대로,50,3,True,✅ 강남구 논현동 지역 전력/전기 공사가 완료되었습니다. 복구 상태를 확인하세요.,37.5169,127.0293,API성공
일반-210601-62,강남구,논현동,2022-04-04,2022-11-30,완료,서울시 강남구 논현동   279-37 ~ 논현동   279-37,특별시도,차도,전력/전기,3,보통,0.6,잔여위험,대로,50,3,True,✅ 강남구 논현동 지역 전력/전기 공사가 완료되었습니다. 복구 상태를 확인하세요.,37.5169,127.0293,API성공
일반-210601-62,강남구,논현동,2022-04-04,2022-11-30,완료,서울시 강남구 논현동   279-77 ~ 논현동   279-77,구도,차도,전력/전기,3,보통,0.6,잔여위험,소로,50,3,True,✅ 강남구 논현동 지역 전력/전기 공사가 완료되었습니다. 복구 상태를 확인하세요.,37.5156,127.0294,API성공
일반-210601-62,강남구,논현동,2022-04-04,2022-11-30,완료,서울시 강남구 논현동   279-36 ~ 논현동   279-36,구도,차도,전력/전기,3,보통,0.6,잔여위험,소로,50,3,True,✅ 강남구 논현동 지역 전력/전기 공사가 완료되었습니다. 복구 상태를 확인하세요.,37.5187,127.0281,API성공
일반-210601-62,강남구,논현동,2022-04-04,2022-11-30,완료,서울시 강남구 논현동   279-17 ~ 논현동   279-17,구도,차도,전력/전기,3,보통,0.6,잔여위험,소로,50,3,True,✅ 강남구 논현동 지역 전력/전기 공사가 완료되었습니다. 복구 상태를 확인하세요.,37.5192,127.0293,API성공
일반-210601-62,강남구,논현동,2022-04-04,2022-11-30,완료,서울시 강남구 논현동   74-30 ~ 논현동   74-30,구도,차도,전력/전기,3,보통,0.6,잔여위험,소로,50,3,True,✅ 강남구 논현동 지역 전력/전기 공사가 완료되었습니다. 복구 상태를 확인하세요.,37.5172,127.03,API성공
일반-210601-62,강남구,논현동,2022-04-04,2022-11-30,완료,서울시 강남구 논현동   279-79 ~ 논현동   279-81,구도,차도,전력/전기,3,보통,0.6,잔여위험,소로,50,3,True,✅ 강남구 논현동 지역 전력/전기 공사가 완료되었습니다. 복구 상태를 확인하세요.,37.5158,127.0301,API성공
일반-210601-62,강남구,논현동,2022-04-04,2022-11-30,완료,서울시 강남구 논현동   279-81 ~ 논현동   279-81,구도,차도,전력/전기,3,보통,0.6,잔여위험,소로,50,3,True,✅ 강남구 논현동 지역 전력/전기 공사가 완료되었습니다. 복구 상태를 확인하세요.,37.5151,127.0318,API성공
인터넷-200821-26,동대문구,제기동,2022-04-01,2026-07-14,진행중,서울시 동대문구 제기동   856도 ~ 제기동   728-3대,특별시도,차도/보도,기타,3,보통,3.0,높음,대로,50,13,True,🚧 동대문구 제기동 지역에 기타 공사가 진행중입니다. 주의하여 통행하세요.,37.5784,127.038,구중심(동대문구)
인터넷-200821-26,동대문구,용두동,2022-04-01,2026-07-14,진행중,서울시 동대문구 용두동   17-1도 ~ 제기동   856도,특별시도,차도/보도,기타,3,보통,3.0,높음,대로,50,13,True,🚧 동대문구 용두동 지역에 기타 공사가 진행중입니다. 주의하여 통행하세요.,37.5815,127.0385,구중심(동대문구)
인터넷-200821-26,동대문구,용두동,2022-04-01,2026-07-14,진행중,서울시 동대문구 용두동   47-1도 ~ 용두동   47-38도,특별시도,차도/보도,기타,3,보통,3.0,높음,대로,50,13,True,🚧 동대문구 용두동 지역에 기타 공사가 진행중입니다. 주의하여 통행하세요.,37.5669,127.0436,구중심(동대문구)
인터넷-200821-26,동대문구,용두동,2022-04-01,2026-07-14,진행중,서울시 동대문구 용두동   47-1도 ~ 용두동   791-2공,특별시도,차도/보도,기타,3,보통,3.0,높음,대로,50,13,True,🚧 동대문구 용두동 지역에 기타 공사가 진행중입니다. 주의하여 통행하세요.,37.5679,127.0356,구중심(동대문구)
인터넷-200821-27,성북구,종암동,2022-04-01,2026-07-14,진행중,서울시 성북구 종암동   23-10도 ~ 종암동   18-346구,특별시도,보도,기타,3,보통,3.0,높음,대로,50,13,True,🚧 성북구 종암동 지역에 기타 공사가 진행중입니다. 주의하여 통행하세요.,37.5986,127.0131,구중심(성북구)
인터넷-200821-27,성북구,종암동,2022-04-01,2026-07-14,진행중,서울시 성북구 종암동   12-33도 ~ 종암동   12-23도,특별시도,차도,기타,3,보통,3.0,높음,대로,50,13,True,🚧 성북구 종암동 지역에 기타 공사가 진행중입니다. 주의하여 통행하세요.,37.592,127.0208,구중심(성북구)
인터넷-200821-27,성북구,종암동,2022-04-01,2026-07-14,진행중,서울시 성북구 종암동   29-18도 ~ 종암동   136-207도,특별시도,차도,기타,3,보통,3.0,높음,대로,50,13,True,🚧 성북구 종암동 지역에 기타 공사가 진행중입니다. 주의하여 통행하세요.,37.5833,127.0232,구중심(성북구)
인터넷-200821-26,동대문구,제기동,2022-04-01,2026-07-14,진행중,서울시 동대문구 제기동   136-207도 ~ 제기동   136-354도,특별시도,차도/보도,기타,3,보통,3.0,높음,대로,50,13,True,🚧 동대문구 제기동 지역에 기타 공사가 진행중입니다. 주의하여 통행하세요.,37.5763,127.0463,구중심(동대문구)
일반-210408-46,관악구,봉천동,2022-03-31,2022-12-31,완료,서울시 관악구 봉천동   871-14 ~ 봉천동   871-14,구도,차도,전력/전기,3,보통,0.6,잔여위험,소로,50,3,True,✅ 관악구 봉천동 지역 전력/전기 공사가 완료되었습니다. 복구 상태를 확인하세요.,37.4831,126.9519,API성공
일반-210602-04,관악구,봉천동,2022-03-31,2022-12-31,완료,서울시 관악구 봉천동   929-5 ~ 봉천동   929-5,구도,차도,전력/전기,3,보통,0.6,잔여위험,소로,50,3,True,✅ 관악구 봉천동 지역 전력/전기 공사가 완료되었습니다. 복구 상태를 확인하세요.,37.481,126.9423,API성공
일반-210708-48,관악구,신림동,2022-03-31,2022-12-31,완료,서울시 관악구 신림동   412-20 ~ 신림동   412-20,구도,차도,전력/전기,3,보통,0.6,잔여위험,소로,50,3,True,✅ 관악구 신림동 지역 전력/전기 공사가 완료되었습니다. 복구 상태를 확인하세요.,37.4779,126.9312,API성공
일반-210708-51,관악구,신림동,2022-03-31,2022-12-31,완료,서울시 관악구 신림동   412-35 ~ 신림동   412-35,구도,차도,전력/전기,3,보통,0.6,잔여위험,소로,50,3,True,✅ 관악구 신림동 지역 전력/전기 공사가 완료되었습니다. 복구 상태를 확인하세요.,37.4777,126.9311,API성공
일반-211001-40,관악구,신림동,2022-03-31,2022-12-31,완료,서울시 관악구 신림동   630-29호 ~ 신림동   630-29호,구도,차도,전력/전기,3,보통,0.6,잔여위험,소로,50,3,True,✅ 관악구 신림동 지역 전력/전기 공사가 완료되었습니다. 복구 상태를 확인하세요.,37.4737,126.961,구중심(관악구)
일반-210226-58,관악구,신림동,2022-03-31,2022-07-30,완료,서울시 관악구 신림동   1675호 ~ 신림동   1675호,특별시도,차도,기타,3,보통,0.6,잔여위험,대로,50,3,True,✅ 관악구 신림동 지역 기타 공사가 완료되었습니다. 복구 상태를 확인하세요.,37.4845,126.9033,API성공
일반-210226-58,관악구,신림동,2022-03-31,2022-07-30,완료,서울시 관악구 신림동   1675호 ~ 신림동   1675호,특별시도,차도/보도,기타,3,보통,0.6,잔여위험,대로,50,3,True,✅ 관악구 신림동 지역 기타 공사가 완료되었습니다. 복구 상태를 확인하세요.,37.4845,126.9033,API성공
일반-200909-03,종로구,창신동,2022-03-21,2022-07-31,완료,서울시 종로구 창신동   526-5 ~ 창신동   525,특별시도,보도,상하수도,4,높음,0.8,잔여위험,대로,100,3,True,✅ 종로구 창신동 지역 상하수도 공사가 완료되었습니다. 복구 상태를 확인하세요.,37.5718,127.0125,API성공
일반-201008-77,종로구,숭인동,2022-03-21,2022-06-30,완료,서울시 종로구 숭인동   1423 ~ 숭인동   1422,구도,차도,상하수도,4,높음,0.8,잔여위험,소로,100,3,True,✅ 종로구 숭인동 지역 상하수도 공사가 완료되었습니다. 복구 상태를 확인하세요.,37.5728,127.0227,API성공
일반-210315-88,종로구,창신동,2022-03-18,2022-06-30,완료,서울시 종로구 창신동   종로50길34 ~ 창신동   종로50길34,구도,차도,상하수도,4,높음,0.8,잔여위험,소로,100,3,True,✅ 종로구 창신동 지역 상하수도 공사가 완료되었습니다. 복구 상태를 확인하세요.,37.5704,127.0124,API성공
일반-210222-01,종로구,창신동,2022-03-18,2022-06-30,완료,서울시 종로구 창신동   종로 50길 2 ~ 창신동   청계천로 307,구도,차도,상하수도,4,높음,0.8,잔여위험,소로,100,3,True,✅ 종로구 창신동 지역 상하수도 공사가 완료되었습니다. 복구 상태를 확인하세요.,37.5718,127.0123,API성공
일반-210324-15,종로구,창신동,2022-03-18,2022-06-30,완료,서울시 종로구 창신동   종로44길 61 ~ 창신동   종로44길 64,구도,차도,상하수도,4,높음,0.8,잔여위험,소로,100,3,True,✅ 종로구 창신동 지역 상하수도 공사가 완료되었습니다. 복구 상태를 확인하세요.,37.5708,127.0136,API성공
일반-210324-18,종로구,숭인동,2022-03-18,2022-06-30,완료,서울시 종로구 숭인동   종로56길5-7 ~ 숭인동   종로58길18,구도,차도,상하수도,4,높음,0.8,잔여위험,소로,100,3,True,✅ 종로구 숭인동 지역 상하수도 공사가 완료되었습니다. 복구 상태를 확인하세요.,37.5729,127.0169,API성공
일반-210316-20,종로구,창신동,2022-03-18,2022-06-30,완료,서울시 종로구 창신동   종로50길 3 ~ 창신동   종로50길 37,구도,차도,상하수도,4,높음,0.8,잔여위험,소로,100,3,True,✅ 종로구 창신동 지역 상하수도 공사가 완료되었습니다. 복구 상태를 확인하세요.,37.5643,126.9798,구중심(종로구)
일반-211021-56,서초구,우면동,2022-03-15,2022-04-30,완료,서울시 서초구 우면동   13-10~2-8 바우뢰로6길 ~ 우면동   13-10~2-8 바우뢰로6길,구도,차도/보도,전력/전기,3,보통,0.6,잔여위험,소로,50,3,True,✅ 서초구 우면동 지역 전력/전기 공사가 완료되었습니다. 복구 상태를 확인하세요.,37.4918,127.0408,구중심(서초구)
일반-200625-72,서대문구,현저동,2022-03-02,2022-11-19,완료,서울시 서대문구 현저동   102-49도(독립문역 4번출구,특별시도,차도/보도,기타,3,보통,0.6,잔여위험,대로,50,3,True,✅ 서대문구 현저동 지역 기타 공사가 완료되었습니다. 복구 상태를 확인하세요.,37.5737,126.9584,API성공
일반-210113-38,은평구,대조동,2022-03-01,2022-07-31,완료,서울시 은평구 대조동   15-9 ~ 대조동   15-9,특별시도,차도,전력/전기,3,보통,0.6,잔여위험,대로,50,3,True,✅ 은평구 대조동 지역 전력/전기 공사가 완료되었습니다. 복구 상태를 확인하세요.,37.6094,126.9303,API성공
일반-210113-40,은평구,대조동,2022-03-01,2022-07-31,완료,서울시 은평구 대조동   15-9 ~ 대조동   15-9,특별시도,보도,전력/전기,3,보통,0.6,잔여위험,대로,50,3,True,✅ 은평구 대조동 지역 전력/전기 공사가 완료되었습니다. 복구 상태를 확인하세요.,37.6094,126.9303,API성공
일반-200626-79,은평구,대조동,2022-03-01,2022-07-31,완료,서울시 은평구 대조동   15-1 ~ 대조동   15-1,특별시도,보도,기타,3,보통,0.6,잔여위험,대로,50,3,True,✅ 은평구 대조동 지역 기타 공사가 완료되었습니다. 복구 상태를 확인하세요.,37.6094,126.9307,API성공
일반-200626-79,은평구,대조동,2022-03-01,2022-07-31,완료,서울시 은평구 대조동   15-1 ~ 대조동   15-1,특별시도,차도,기타,3,보통,0.6,잔여위험,대로,50,3,True,✅ 은평구 대조동 지역 기타 공사가 완료되었습니다. 복구 상태를 확인하세요.,37.6094,126.9307,API성공
일반-200518-32,광진구,능동,2022-02-23,2022-08-31,완료,서울시 광진구 능동   천호대로 550(군자역 8번 출입구 인근,특별시도,차도,기타,3,보통,0.6,잔여위험,대로,50,3,True,✅ 광진구 능동 지역 기타 공사가 완료되었습니다. 복구 상태를 확인하세요.,37.5573,127.079,API성공
일반-200518-30,광진구,능동,2022-02-23,2022-08-31,완료,서울시 광진구 능동   천호대로 550(군자역 8번 출입구 인근,특별시도,보도,기타,3,보통,0.6,잔여위험,대로,50,3,True,✅ 광진구 능동 지역 기타 공사가 완료되었습니다. 복구 상태를 확인하세요.,37.5573,127.079,API성공
일반-210107-40,서초구,서초동,2022-01-10,2022-11-30,완료,서울시 서초구 서초동   1657-5 ~ 서초동   1657-5,특별시도,차도,전력/전기,3,보통,0.6,잔여위험,대로,50,3,True,✅ 서초구 서초동 지역 전력/전기 공사가 완료되었습니다. 복구 상태를 확인하세요.,37.4923,127.0142,API성공
일반-200218-40,서초구,서초동,2022-01-10,2022-11-30,완료,서울시 서초구 서초동   서초중앙로 116일원 ~ 서초동   서초중앙로 116일원,특별시도,차도,기타,3,보통,0.6,잔여위험,대로,50,3,True,✅ 서초구 서초동 지역 기타 공사가 완료되었습니다. 복구 상태를 확인하세요.,37.474,127.0236,구중심(서초구)
일반-200821-62,서초구,서초동,2022-01-10,2022-11-30,완료,서울시 서초구 서초동   1715-7 ~ 서초동   1715-7,특별시도,차도,기타,3,보통,0.6,잔여위험,대로,50,3,True,✅ 서초구 서초동 지역 기타 공사가 완료되었습니다. 복구 상태를 확인하세요.,37.4939,127.0134,API성공
일반-210503-60,서초구,서초동,2022-01-10,2022-11-30,완료,서울시 서초구 서초동   1715-7 ~ 서초동   1715-7,특별시도,보도,전력/전기,3,보통,0.6,잔여위험,대로,50,3,True,✅ 서초구 서초동 지역 전력/전기 공사가 완료되었습니다. 복구 상태를 확인하세요.,37.4939,127.0134,API성공
일반-210428-03,서초구,서초동,2022-01-10,2022-11-30,완료,서울시 서초구 서초동   1657-11 ~ 서초동   1657-11,특별시도,보도,전력/전기,3,보통,0.6,잔여위험,대로,50,3,True,✅ 서초구 서초동 지역 전력/전기 공사가 완료되었습니다. 복구 상태를 확인하세요.,37.4926,127.014,API성공
일반-210107-31,서초구,서초동,2022-01-10,2022-11-30,완료,서울시 서초구 서초동   1715-6 ~ 서초동   1715-6,특별시도,차도,기타,3,보통,0.6,잔여위험,대로,50,3,True,✅ 서초구 서초동 지역 기타 공사가 완료되었습니다. 복구 상태를 확인하세요.,37.4939,127.0132,API성공
일반-201119-78,서초구,서초동,2022-01-10,2022-11-30,완료,서울시 서초구 서초동   1715-7 ~ 서초동   1715-7,특별시도,보도,기타,3,보통,0.6,잔여위험,대로,50,3,True,✅ 서초구 서초동 지역 기타 공사가 완료되었습니다. 복구 상태를 확인하세요.,37.4939,127.0134,API성공
일반-210617-64,서초구,서초동,2022-01-10,2022-11-30,완료,서울시 서초구 서초동   1715-7 ~ 서초동   1715-7,기타,보도,전력/전기,3,보통,0.6,잔여위험,기타,50,3,True,✅ 서초구 서초동 지역 전력/전기 공사가 완료되었습니다. 복구 상태를 확인하세요.,37.4939,127.0134,API성공
일반-200630-60,서초구,서초동,2022-01-10,2022-11-30,완료,서울시 서초구 서초동   1715-7 ~ 서초동   1715-7,특별시도,보도,기타,3,보통,0.6,잔여위험,대로,50,3,True,✅ 서초구 서초동 지역 기타 공사가 완료되었습니다. 복구 상태를 확인하세요.,37.4939,127.0134,API성공
일반-210107-33,서초구,서초동,2022-01-10,2022-11-30,완료,서울시 서초구 서초동   1715-6 ~ 서초동   1715-6,특별시도,차도,전력/전기,3,보통,0.6,잔여위험,대로,50,3,True,✅ 서초구 서초동 지역 전력/전기 공사가 완료되었습니다. 복구 상태를 확인하세요.,37.4939,127.0132,API성공
일반-191230-14,서초구,서초동,2022-01-10,2022-11-30,완료,서울시 서초구 서초동   서초중앙로 116일원 ~ 서초동   서초중앙로 116일원,특별시도,보도,기타,3,보통,0.6,잔여위험,대로,50,3,True,✅ 서초구 서초동 지역 기타 공사가 완료되었습니다. 복구 상태를 확인하세요.,37.4838,127.0356,구중심(서초구)
일반-210107-39,서초구,서초동,2022-01-10,2022-11-30,완료,서울시 서초구 서초동   1657-5 ~ 서초동   1657-5,특별시도,차도,전력/전기,3,보통,0.6,잔여위험,대로,50,3,True,✅ 서초구 서초동 지역 전력/전기 공사가 완료되었습니다. 복구 상태를 확인하세요.,37.4923,127.0142,API성공
일반-210113-37,서대문구,현저동,2022-01-10,2022-11-19,완료,서울시 서대문구 현저동   통일로 7 ~ 현저동   통일로 7,특별시도,차도,기타,3,보통,0.6,잔여위험,대로,50,3,True,✅ 서대문구 현저동 지역 기타 공사가 완료되었습니다. 복구 상태를 확인하세요.,37.5846,126.9461,구중심(서대문구)
일반-210114-11,서대문구,현저동,2022-01-10,2022-11-19,완료,서울시 서대문구 현저동   통일로 17 ~ 현저동   통일로 17,특별시도,차도,기타,3,보통,0.6,잔여위험,대로,50,3,True,✅ 서대문구 현저동 지역 기타 공사가 완료되었습니다. 복구 상태를 확인하세요.,37.5793,126.9372,구중심(서대문구)
일반-210114-07,서대문구,현저동,2022-01-10,2022-11-19,완료,서울시 서대문구 현저동   통일로 17 ~ 현저동   통일로 17,특별시도,차도,기타,3,보통,0.6,잔여위험,대로,50,3,True,✅ 서대문구 현저동 지역 기타 공사가 완료되었습니다. 복구 상태를 확인하세요.,37.5718,126.9405,구중심(서대문구)
일반-210323-65,송파구,삼전동,2022-01-01,2022-12-31,완료,서울시 송파구 삼전동   20 ~ 삼전동   21,기타,기타,전력/전기,3,보통,0.6,잔여위험,기타,50,3,True,✅ 송파구 삼전동 지역 전력/전기 공사가 완료되었습니다. 복구 상태를 확인하세요.,37.5013,127.0857,API성공
일반-210625-04,성동구,금호동3가,2021-12-22,2023-03-31,완료,서울시 성동구 금호동3가   1583번지 일대(금호역 4번출구,특별시도,차도,기타,3,보통,0.6,잔여위험,대로,50,3,True,✅ 성동구 금호동3가 지역 기타 공사가 완료되었습니다. 복구 상태를 확인하세요.,37.5486,127.0156,API성공
일반-210625-03,성동구,금호동3가,2021-12-22,2023-03-31,완료,서울시 성동구 금호동3가   1583번지(금호역 4번출구,특별시도,보도,기타,3,보통,0.6,잔여위험,대로,50,3,True,✅ 성동구 금호동3가 지역 기타 공사가 완료되었습니다. 복구 상태를 확인하세요.,37.5486,127.0156,API성공
일반-210219-15,중구,장충동2가,2021-12-06,2022-08-31,완료,서울시 중구 장충동2가   199-3 ~ 장충동2가   199-3,특별시도,차도,기타,3,보통,0.6,잔여위험,대로,50,3,True,✅ 중구 장충동2가 지역 기타 공사가 완료되었습니다. 복구 상태를 확인하세요.,37.5592,127.0051,API성공
일반-210219-48,강남구,대치동,2021-12-06,2022-06-30,완료,서울시 강남구 대치동   1011-84 ~ 대치동   1011-84,구도,차도,전력/전기,3,보통,0.6,잔여위험,소로,50,3,True,✅ 강남구 대치동 지역 전력/전기 공사가 완료되었습니다. 복구 상태를 확인하세요.,37.4971,127.0545,API성공
일반-210409-14,강남구,대치동,2021-12-06,2022-06-30,완료,서울시 강남구 대치동   936-18 ~ 대치동   923-5,구도,보도,전력/전기,3,보통,0.6,잔여위험,소로,50,3,True,✅ 강남구 대치동 지역 전력/전기 공사가 완료되었습니다. 복구 상태를 확인하세요.,37.4976,127.054,API성공
일반-210219-48,강남구,대치동,2021-12-06,2022-06-30,완료,서울시 강남구 대치동   1011-49 ~ 대치동   1011-49,구도,차도,전력/전기,3,보통,0.6,잔여위험,소로,50,3,True,✅ 강남구 대치동 지역 전력/전기 공사가 완료되었습니다. 복구 상태를 확인하세요.,37.5006,127.0535,API성공
일반-210219-48,강남구,대치동,2021-12-06,2022-06-30,완료,서울시 강남구 대치동   1011-62 ~ 대치동   1011-53,구도,차도,전력/전기,3,보통,0.6,잔여위험,소로,50,3,True,✅ 강남구 대치동 지역 전력/전기 공사가 완료되었습니다. 복구 상태를 확인하세요.,37.4994,127.0538,API성공
일반-210219-48,강남구,대치동,2021-12-06,2022-06-30,완료,서울시 강남구 대치동   1011-73 ~ 대치동   1011-64,구도,차도,전력/전기,3,보통,0.6,잔여위험,소로,50,3,True,✅ 강남구 대치동 지역 전력/전기 공사가 완료되었습니다. 복구 상태를 확인하세요.,37.4975,127.0539,API성공
일반-210219-48,강남구,대치동,2021-12-06,2022-06-30,완료,서울시 강남구 대치동   1011-64 ~ 대치동   1011-64,구도,차도,전력/전기,3,보통,0.6,잔여위험,소로,50,3,True,✅ 강남구 대치동 지역 전력/전기 공사가 완료되었습니다. 복구 상태를 확인하세요.,37.4994,127.0552,API성공
일반-210219-48,강남구,대치동,2021-12-06,2022-06-30,완료,서울시 강남구 대치동   917-14 ~ 대치동   917-14,구도,차도,전력/전기,3,보통,0.6,잔여위험,소로,50,3,True,✅ 강남구 대치동 지역 전력/전기 공사가 완료되었습니다. 복구 상태를 확인하세요.,37.5,127.0548,API성공
일반-210219-48,강남구,대치동,2021-12-06,2022-06-30,완료,서울시 강남구 대치동   1011-62 ~ 대치동   917-22,구도,차도,전력/전기,3,보통,0.6,잔여위험,소로,50,3,True,✅ 강남구 대치동 지역 전력/전기 공사가 완료되었습니다. 복구 상태를 확인하세요.,37.4994,127.0538,API성공
일반-210219-48,강남구,대치동,2021-12-06,2022-06-30,완료,서울시 강남구 대치동   919-18 ~ 대치동   919-18,구도,차도,전력/전기,3,보통,0.6,잔여위험,소로,50,3,True,✅ 강남구 대치동 지역 전력/전기 공사가 완료되었습니다. 복구 상태를 확인하세요.,37.5,127.0536,API성공
일반-210219-48,강남구,대치동,2021-12-06,2022-06-30,완료,서울시 강남구 대치동   1011-62 ~ 대치동   1011-64,구도,차도,전력/전기,3,보통,0.6,잔여위험,소로,50,3,True,✅ 강남구 대치동 지역 전력/전기 공사가 완료되었습니다. 복구 상태를 확인하세요.,37.4994,127.0538,API성공
일반-210219-48,강남구,대치동,2021-12-06,2022-06-30,완료,서울시 강남구 대치동   1011-73 ~ 대치동   1011-62,구도,차도,전력/전기,3,보통,0.6,잔여위험,소로,50,3,True,✅ 강남구 대치동 지역 전력/전기 공사가 완료되었습니다. 복구 상태를 확인하세요.,37.4975,127.0539,API성공
일반-210219-48,강남구,대치동,2021-12-06,2022-06-30,완료,서울시 강남구 대치동   1026 ~ 대치동   1026,특별시도,보도,전력/전기,3,보통,0.6,잔여위험,대로,50,3,True,✅ 강남구 대치동 지역 전력/전기 공사가 완료되었습니다. 복구 상태를 확인하세요.,37.4977,127.0573,API성공
일반-210219-48,강남구,대치동,2021-12-06,2022-06-30,완료,서울시 강남구 대치동   1026 ~ 대치동   1026,특별시도,차도,전력/전기,3,보통,0.6,잔여위험,대로,50,3,True,✅ 강남구 대치동 지역 전력/전기 공사가 완료되었습니다. 복구 상태를 확인하세요.,37.4977,127.0573,API성공
인터넷-211110-22,금천구,시흥동,2021-11-15,2021-11-30,완료,서울시 금천구 시흥동   1001-11 ~ 시흥동   1001-11,특별시도,보도,기타,3,보통,0.6,잔여위험,대로,50,3,True,✅ 금천구 시흥동 지역 기타 공사가 완료되었습니다. 복구 상태를 확인하세요.,37.4428,126.9034,API성공
일반-200404-06,강서구,화곡동,2021-09-08,2022-06-30,완료,서울시 강서구 화곡동   강서로 38 ~ 화곡동   강서로 38,특별시도,차도/보도,기타,3,보통,0.6,잔여위험,대로,50,3,True,✅ 강서구 화곡동 지역 기타 공사가 완료되었습니다. 복구 상태를 확인하세요.,37.5312,126.8473,API성공
일반-210811-44,노원구,상계동,2021-09-06,2022-11-25,완료,서울시 노원구 상계동   602-5 ~ 상계동   602-5,특별시도,보도,기타,3,보통,0.6,잔여위험,대로,50,3,True,✅ 노원구 상계동 지역 기타 공사가 완료되었습니다. 복구 상태를 확인하세요.,37.6561,127.0623,API성공
인터넷-210825-22,노원구,중계동,2021-09-03,2024-12-31,완료,서울시 노원구 중계동   430-36 ~ 중계동   430-36,구도,보도,기타,3,보통,0.6,잔여위험,소로,50,3,True,✅ 노원구 중계동 지역 기타 공사가 완료되었습니다. 복구 상태를 확인하세요.,37.657,127.0734,API성공
인터넷-210825-22,노원구,중계동,2021-09-03,2024-12-31,완료,서울시 노원구 중계동   591 ~ 중계동   591,기타,보도,기타,3,보통,0.6,잔여위험,기타,50,3,True,✅ 노원구 중계동 지역 기타 공사가 완료되었습니다. 복구 상태를 확인하세요.,37.6598,127.0732,API성공
인터넷-210825-22,노원구,중계동,2021-09-03,2024-12-31,완료,서울시 노원구 중계동   370 ~ 중계동   370,특별시도,보도,기타,3,보통,0.6,잔여위험,대로,50,3,True,✅ 노원구 중계동 지역 기타 공사가 완료되었습니다. 복구 상태를 확인하세요.,37.6536,127.0739,API성공
인터넷-210825-21,노원구,중계동,2021-09-03,2024-12-31,완료,서울시 노원구 중계동   369-1 ~ 중계동   369-1,특별시도,보도,기타,3,보통,0.6,잔여위험,대로,50,3,True,✅ 노원구 중계동 지역 기타 공사가 완료되었습니다. 복구 상태를 확인하세요.,37.6585,127.0773,API성공
인터넷-210825-21,노원구,중계동,2021-09-03,2024-12-31,완료,서울시 노원구 중계동   364-16 ~ 중계동   364-16,구도,차도,기타,3,보통,0.6,잔여위험,소로,50,3,True,✅ 노원구 중계동 지역 기타 공사가 완료되었습니다. 복구 상태를 확인하세요.,37.6502,127.0775,API성공
인터넷-210825-21,노원구,중계동,2021-09-03,2024-12-31,완료,서울시 노원구 중계동   360-4 ~ 중계동   360-4,구도,보도,기타,3,보통,0.6,잔여위험,소로,50,3,True,✅ 노원구 중계동 지역 기타 공사가 완료되었습니다. 복구 상태를 확인하세요.,37.6503,127.0757,API성공
인터넷-210728-05,금천구,시흥동,2021-08-20,2025-04-09,완료,서울시 금천구 시흥동   1001-9 ~ 시흥동   1001-12,특별시도,차도,기타,3,보통,0.6,잔여위험,대로,50,3,True,✅ 금천구 시흥동 지역 기타 공사가 완료되었습니다. 복구 상태를 확인하세요.,37.4438,126.9038,API성공
인터넷-210728-05,금천구,시흥동,2021-08-20,2025-04-09,완료,서울시 금천구 시흥동   1001-7 ~ 시흥동   1001-9,특별시도,차도,기타,3,보통,0.6,잔여위험,대로,50,3,True,✅ 금천구 시흥동 지역 기타 공사가 완료되었습니다. 복구 상태를 확인하세요.,37.4435,126.9035,API성공
인터넷-210728-05,금천구,시흥동,2021-08-20,2025-04-09,완료,서울시 금천구 시흥동   1001-11 ~ 시흥동   1001-11,특별시도,차도,기타,3,보통,0.6,잔여위험,대로,50,3,True,✅ 금천구 시흥동 지역 기타 공사가 완료되었습니다. 복구 상태를 확인하세요.,37.4428,126.9034,API성공
인터넷-210728-05,금천구,시흥동,2021-08-20,2025-04-09,완료,서울시 금천구 시흥동   1001-11 ~ 시흥동   1001-12,특별시도,차도,기타,3,보통,0.6,잔여위험,대로,50,3,True,✅ 금천구 시흥동 지역 기타 공사가 완료되었습니다. 복구 상태를 확인하세요.,37.4428,126.9034,API성공
일반-200507-03,노원구,상계동,2021-08-17,2022-06-30,완료,서울시 노원구 상계동   동일로 1409(노원역 5번 출입구 인근,특별시도,차도/보도,기타,3,보통,0.6,잔여위험,대로,50,3,True,✅ 노원구 상계동 지역 기타 공사가 완료되었습니다. 복구 상태를 확인하세요.,37.6546,127.0605,API성공
인터넷-210511-16,금천구,시흥동,2021-08-03,2025-04-09,완료,서울시 금천구 시흥동   1000-71 ~ 시흥동   1000-71,특별시도,보도,기타,3,보통,0.6,잔여위험,대로,50,3,True,✅ 금천구 시흥동 지역 기타 공사가 완료되었습니다. 복구 상태를 확인하세요.,37.4533,126.901,API성공
인터넷-210511-16,금천구,시흥동,2021-08-03,2025-04-09,완료,서울시 금천구 시흥동   1000-70 ~ 시흥동   1000-70,구도,차도,기타,3,보통,0.6,잔여위험,소로,50,3,True,✅ 금천구 시흥동 지역 기타 공사가 완료되었습니다. 복구 상태를 확인하세요.,37.4533,126.8995,API성공
인터넷-210511-16,금천구,시흥동,2021-08-03,2025-04-09,완료,서울시 금천구 시흥동   1000-71 ~ 시흥동   1000-71,특별시도,차도,기타,3,보통,0.6,잔여위험,대로,50,3,True,✅ 금천구 시흥동 지역 기타 공사가 완료되었습니다. 복구 상태를 확인하세요.,37.4533,126.901,API성공
인터넷-210511-16,금천구,시흥동,2021-08-03,2025-04-09,완료,서울시 금천구 시흥동   1000-71 ~ 시흥동   1000-73,특별시도,차도,기타,3,보통,0.6,잔여위험,대로,50,3,True,✅ 금천구 시흥동 지역 기타 공사가 완료되었습니다. 복구 상태를 확인하세요.,37.4533,126.901,API성공
일반-210317-88,금천구,가산동,2021-07-02,2023-03-05,완료,서울시 금천구 가산동   가산동 371-12 가산디지털단지역 인근 이랜드앞 일대 ~ 가산동   가산동 371-12 가산디지털단지역 인근 이랜드앞 일대,구도,차도/보도,전력/전기,3,보통,0.6,잔여위험,소로,50,3,True,✅ 금천구 가산동 지역 전력/전기 공사가 완료되었습니다. 복구 상태를 확인하세요.,37.4795,126.8814,API성공
일반-210317-11,노원구,공릉동,2021-07-01,2023-03-12,완료,서울시 노원구 공릉동   공릉동 385-4 공릉역 1번 출입구 일대 ~ 공릉동   공릉동 385-4 공릉역 1번 출입구 일대,특별시도,보도,기타,3,보통,0.6,잔여위험,대로,50,3,True,✅ 노원구 공릉동 지역 기타 공사가 완료되었습니다. 복구 상태를 확인하세요.,37.6257,127.0727,API성공
일반-210603-84,노원구,공릉동,2021-07-01,2023-03-12,완료,서울시 노원구 공릉동   386-1 공릉역 1번 출입구 인근 ~ 공릉동   386-1 공릉역 1번 출입구 인근,특별시도,차도,기타,3,보통,0.6,잔여위험,대로,50,3,True,✅ 노원구 공릉동 지역 기타 공사가 완료되었습니다. 복구 상태를 확인하세요.,37.6262,127.073,API성공
일반-210317-12,노원구,공릉동,2021-07-01,2023-03-12,완료,서울시 노원구 공릉동   공릉동 385-4 공릉역 1번 출입구 일대 ~ 공릉동   공릉동 385-4 공릉역 1번 출입구 일대,구도,차도,기타,3,보통,0.6,잔여위험,소로,50,3,True,✅ 노원구 공릉동 지역 기타 공사가 완료되었습니다. 복구 상태를 확인하세요.,37.6257,127.0727,API성공
일반-210317-04,송파구,장지동,2021-07-01,2023-03-12,완료,서울시 송파구 장지동   201-5 장지역 1번 출입구 일대 ~ 장지동   201-5 장지역 1번 출입구 일대,특별시도,보도,기타,3,보통,0.6,잔여위험,대로,50,3,True,✅ 송파구 장지동 지역 기타 공사가 완료되었습니다. 복구 상태를 확인하세요.,37.4776,127.1265,API성공
개인-201123-02,서대문구,연희동,2021-01-07,2022-06-30,완료,서울시 서대문구 연희동   446-92 ~ 연희동   446-92,특별시도,차도,기타,3,보통,0.6,잔여위험,대로,50,3,True,✅ 서대문구 연희동 지역 기타 공사가 완료되었습니다. 복구 상태를 확인하세요.,37.5675,126.9185,API성공
인터넷-201027-01,성북구,장위동,2020-12-21,2025-12-31,진행중,서울시 성북구 장위동   311-9 ~ 장위동   311-20,특별시도,차도,기타,3,보통,3.0,높음,대로,50,13,True,🚧 성북구 장위동 지역에 기타 공사가 진행중입니다. 주의하여 통행하세요.,37.6209,127.0455,API성공
인터넷-201027-01,성북구,장위동,2020-12-21,2025-12-31,진행중,서울시 성북구 장위동   319-3 ~ 장위동   319-3,특별시도,보도,기타,3,보통,3.0,높음,대로,50,13,True,🚧 성북구 장위동 지역에 기타 공사가 진행중입니다. 주의하여 통행하세요.,37.6197,127.045,API성공
인터넷-200908-17,강북구,번동,2020-12-21,2025-12-31,진행중,서울시 강북구 번동   56-1 ~ 번동   612-9,특별시도,차도,기타,3,보통,3.0,높음,대로,50,13,True,🚧 강북구 번동 지역에 기타 공사가 진행중입니다. 주의하여 통행하세요.,37.6224,127.0465,API성공
인터넷-200908-17,강북구,번동,2020-12-21,2025-12-31,진행중,서울시 강북구 번동   89-1 ~ 번동   97-1,특별시도,차도,기타,3,보통,3.0,높음,대로,50,13,True,🚧 강북구 번동 지역에 기타 공사가 진행중입니다. 주의하여 통행하세요.,37.6189,127.0441,API성공
인터넷-201027-01,성북구,장위동,2020-12-21,2025-12-31,진행중,서울시 성북구 장위동   316-7 ~ 장위동   316-7,특별시도,보도,기타,3,보통,3.0,높음,대로,50,13,True,🚧 성북구 장위동 지역에 기타 공사가 진행중입니다. 주의하여 통행하세요.,37.623,127.048,API성공
인터넷-201027-01,성북구,장위동,2020-12-21,2025-12-31,진행중,서울시 성북구 장위동   310-18 ~ 장위동   310-22,특별시도,차도,기타,3,보통,3.0,높음,대로,50,13,True,🚧 성북구 장위동 지역에 기타 공사가 진행중입니다. 주의하여 통행하세요.,37.619,127.0443,API성공
인터넷-201027-01,성북구,장위동,2020-12-21,2025-12-31,진행중,서울시 성북구 장위동   310-18 ~ 장위동   310-22,특별시도,보도,기타,3,보통,3.0,높음,대로,50,13,True,🚧 성북구 장위동 지역에 기타 공사가 진행중입니다. 주의하여 통행하세요.,37.619,127.0443,API성공
인터넷-201007-27,노원구,중계동,2020-12-15,2025-10-07,진행중,서울시 노원구 중계동   한글비석로262 ~ 상계동   173,특별시도,차도,기타,3,보통,3.0,높음,대로,50,13,True,🚧 노원구 중계동 지역에 기타 공사가 진행중입니다. 주의하여 통행하세요.,37.6515,127.0632,구중심(노원구)
인터넷-200830-07,성북구,길음동,2020-12-14,2025-12-31,진행중,"서울시 성북구 길음동   864-1, 864-37 ~ 길음동   33-1, 35-31",특별시도,차도,기타,3,보통,3.0,높음,대로,50,13,True,🚧 성북구 길음동 지역에 기타 공사가 진행중입니다. 주의하여 통행하세요.,37.5931,127.0175,구중심(성북구)
인터넷-200830-07,성북구,하월곡동,2020-12-14,2025-12-31,진행중,"서울시 성북구 하월곡동   88-5, 88-1, 103, 0-11, 200, 104-161, 104-143 ~ 길음동   15-3, 860-64",특별시도,차도,기타,3,보통,3.0,높음,대로,50,13,True,🚧 성북구 하월곡동 지역에 기타 공사가 진행중입니다. 주의하여 통행하세요.,37.596,127.0245,구중심(성북구)
인터넷-200830-07,성북구,하월곡동,2020-12-14,2025-12-31,진행중,서울시 성북구 하월곡동   230-2 ~ 하월곡동   230-2,특별시도,보도,기타,3,보통,3.0,높음,대로,50,13,True,🚧 성북구 하월곡동 지역에 기타 공사가 진행중입니다. 주의하여 통행하세요.,37.605,127.0313,API성공
인터넷-200830-07,성북구,하월곡동,2020-12-14,2025-12-31,진행중,"서울시 성북구 하월곡동   오패산로 1가길 17-1, 88-5 ~ 하월곡동   230-2, 230-1",특별시도,차도,기타,3,보통,3.0,높음,대로,50,13,True,🚧 성북구 하월곡동 지역에 기타 공사가 진행중입니다. 주의하여 통행하세요.,37.5887,127.0222,구중심(성북구)
인터넷-200830-07,성북구,종암동,2020-12-14,2025-12-31,진행중,"서울시 성북구 종암동   종암로 127-1, 3-173, 3-700, 132-2 ~ 종암동   3-1037, 3-1038, 3-54",특별시도,보도,기타,3,보통,3.0,높음,대로,50,13,True,🚧 성북구 종암동 지역에 기타 공사가 진행중입니다. 주의하여 통행하세요.,37.5809,127.0193,구중심(성북구)
인터넷-200830-07,성북구,종암동,2020-12-14,2025-12-31,진행중,"서울시 성북구 종암동   종암로127-1, 3-173 ~ 종암동   3-54, 3-1288",특별시도,차도,기타,3,보통,3.0,높음,대로,50,13,True,🚧 성북구 종암동 지역에 기타 공사가 진행중입니다. 주의하여 통행하세요.,37.5869,127.0221,구중심(성북구)
인터넷-200830-07,성북구,종암동,2020-12-14,2025-12-31,진행중,서울시 성북구 종암동   15-6 ~ 종암동   15-6,특별시도,보도,기타,3,보통,3.0,높음,대로,50,13,True,🚧 성북구 종암동 지역에 기타 공사가 진행중입니다. 주의하여 통행하세요.,37.5983,127.0348,API성공
인터넷-200830-07,성북구,종암동,2020-12-14,2025-12-31,진행중,서울시 성북구 종암동   15-6 ~ 종암동   68-3,특별시도,차도,기타,3,보통,3.0,높음,대로,50,13,True,🚧 성북구 종암동 지역에 기타 공사가 진행중입니다. 주의하여 통행하세요.,37.5983,127.0348,API성공
인터넷-200830-07,성북구,종암동,2020-12-14,2025-12-31,진행중,"서울시 성북구 종암동   종암로 701, 13-3 ~ 종암동   45-215",특별시도,보도,기타,3,보통,3.0,높음,대로,50,13,True,🚧 성북구 종암동 지역에 기타 공사가 진행중입니다. 주의하여 통행하세요.,37.5842,127.0165,구중심(성북구)
인터넷-200830-07,성북구,종암동,2020-12-14,2025-12-31,진행중,"서울시 성북구 종암동   종암로 70-1, 종암동 13-3 ~ 종암동   종암동 45-215, 종암동 15-2",특별시도,차도,기타,3,보통,3.0,높음,대로,50,13,True,🚧 성북구 종암동 지역에 기타 공사가 진행중입니다. 주의하여 통행하세요.,37.583,127.0131,구중심(성북구)
인터넷-200830-07,성북구,길음동,2020-12-14,2025-12-31,진행중,서울시 성북구 길음동   33-1 ~ 길음동   33-1,특별시도,보도,기타,3,보통,3.0,높음,대로,50,13,True,🚧 성북구 길음동 지역에 기타 공사가 진행중입니다. 주의하여 통행하세요.,37.6116,127.0301,API성공
인터넷-200830-07,성북구,하월곡동,2020-12-14,2025-12-31,진행중,"서울시 성북구 하월곡동   98-4,산2-77, 산2-76, 산2-129, 98-7, 225-10 ~ 하월곡동   산1-2, 산1-3, 98-6, 산1-1, 98-5, 98-10, 77-25, 8-361",특별시도,차도,기타,3,보통,3.0,높음,대로,50,13,True,🚧 성북구 하월곡동 지역에 기타 공사가 진행중입니다. 주의하여 통행하세요.,37.5926,127.0139,구중심(성북구)
인터넷-200830-07,성북구,하월곡동,2020-12-14,2025-12-31,진행중,"서울시 성북구 하월곡동   98-4, 산2-77, 98-7 ~ 하월곡동   225-10, 8-361",특별시도,보도,기타,3,보통,3.0,높음,대로,50,13,True,🚧 성북구 하월곡동 지역에 기타 공사가 진행중입니다. 주의하여 통행하세요.,37.5965,127.026,구중심(성북구)
인터넷-200831-15,강북구,번동,2020-12-12,2025-12-31,진행중,"서울시 강북구 번동   월계로 173 ~ 번동   83-12, 번동 83-13",특별시도,차도,기타,3,보통,3.0,높음,대로,50,13,True,🚧 강북구 번동 지역에 기타 공사가 진행중입니다. 주의하여 통행하세요.,37.6202,127.0443,API성공
인터넷-200831-15,강북구,미아동,2020-12-12,2025-12-31,진행중,서울시 강북구 미아동   도봉로 36-1 ~ 미아동   도봉로 45-1,특별시도,차도,기타,3,보통,3.0,높음,대로,50,13,True,🚧 강북구 미아동 지역에 기타 공사가 진행중입니다. 주의하여 통행하세요.,37.636,127.0337,구중심(강북구)
인터넷-200831-15,강북구,미아동,2020-12-12,2025-12-31,진행중,"서울시 강북구 미아동   14-2, 미아동 864-38 ~ 미아동   13-23",특별시도,차도,기타,3,보통,3.0,높음,대로,50,13,True,🚧 강북구 미아동 지역에 기타 공사가 진행중입니다. 주의하여 통행하세요.,37.6092,127.0303,API성공
인터넷-200831-15,강북구,미아동,2020-12-12,2025-12-31,진행중,"서울시 강북구 미아동   1318-1, 미아동 1317-10 ~ 미아동   8-361",특별시도,차도,기타,3,보통,3.0,높음,대로,50,13,True,🚧 강북구 미아동 지역에 기타 공사가 진행중입니다. 주의하여 통행하세요.,37.6118,127.0353,API성공
인터넷-200719-01,강남구,청담동,2020-08-27,2025-06-30,진행중,서울시 강남구 청담동   77도 ~ 청담동   77-4도,특별시도,차도,기타,3,보통,3.0,높음,대로,50,13,True,🚧 강남구 청담동 지역에 기타 공사가 진행중입니다. 주의하여 통행하세요.,37.4922,127.0243,구중심(강남구)
일반-210701-29,서초구,서초동,,,불명,서울시 서초구 서초동   1603-7 ~ 서초동   1426-2,특별시도,차도,전력/전기,3,보통,1.5,낮음,대로,50,6,True,❓ 서초구 서초동 지역에 전력/전기 공사 관련 정보가 있습니다. 현장 상황을 확인하세요.,37.4855,127.0162,API성공
일반-210701-29,서초구,서초동,,,불명,서울시 서초구 서초동   1603-7 ~ 서초동   1426-2,기타,보도,전력/전기,3,보통,1.5,낮음,기타,50,6,True,❓ 서초구 서초동 지역에 전력/전기 공사 관련 정보가 있습니다. 현장 상황을 확인하세요.,37.4855,127.0162,API성공
일반-210701-29,서초구,서초동,,,불명,서울시 서초구 서초동   1603-7 ~ 서초동   1426-2,특별시도,보도,전력/전기,3,보통,1.5,낮음,대로,50,6,True,❓ 서초구 서초동 지역에 전력/전기 공사 관련 정보가 있습니다. 현장 상황을 확인하세요.,37.4855,127.0162,API성공
일반-210719-71,서초구,양재동,,,불명,서울시 서초구 양재동   201 ~ 양재동   201,구도,차도,기타,3,보통,1.5,낮음,소로,50,6,True,❓ 서초구 양재동 지역에 기타 공사 관련 정보가 있습니다. 현장 상황을 확인하세요.,37.4701,127.0326,API성공
일반-210719-71,서초구,양재동,,,불명,서울시 서초구 양재동   201 ~ 양재동   201,구도,보도,기타,3,보통,1.5,낮음,소로,50,6,True,❓ 서초구 양재동 지역에 기타 공사 관련 정보가 있습니다. 현장 상황을 확인하세요.,37.4701,127.0326,API성공
일반-210728-73,서초구,잠원동,,,불명,서울시 서초구 잠원동   잠원동112 ~ 잠원동   잠원동112,구도,보도,전력/전기,3,보통,1.5,낮음,소로,50,6,True,❓ 서초구 잠원동 지역에 전력/전기 공사 관련 정보가 있습니다. 현장 상황을 확인하세요.,37.5079,127.0034,API성공
일반-210730-22,동대문구,답십리동,,,불명,서울시 동대문구 답십리동   488-17 ~ 답십리동   전농로22,구도,차도,전력/전기,3,보통,1.5,낮음,소로,50,6,True,❓ 동대문구 답십리동 지역에 전력/전기 공사 관련 정보가 있습니다. 현장 상황을 확인하세요.,37.5666,127.0567,API성공
일반-211027-23,서초구,서초동,,,불명,서울시 서초구 서초동   1754 ~ 서초동   1754,구도,차도,전력/전기,3,보통,1.5,낮음,소로,50,6,True,❓ 서초구 서초동 지역에 전력/전기 공사 관련 정보가 있습니다. 현장 상황을 확인하세요.,37.493,127.0271,API성공
일반-210817-95,강북구,수유동,,,불명,서울시 강북구 수유동   47-2 부근 ~ 미아동   131-4 부근,특별시도,보도,전력/전기,3,보통,1.5,낮음,대로,50,6,True,❓ 강북구 수유동 지역에 전력/전기 공사 관련 정보가 있습니다. 현장 상황을 확인하세요.,37.6435,127.0236,구중심(강북구)
일반-210817-95,강북구,수유동,,,불명,서울시 강북구 수유동   47-2 부근 ~ 미아동   131-4 부근,구도,차도,전력/전기,3,보통,1.5,낮음,소로,50,6,True,❓ 강북구 수유동 지역에 전력/전기 공사 관련 정보가 있습니다. 현장 상황을 확인하세요.,37.6388,127.0274,구중심(강북구)
일반-210817-95,강북구,수유동,,,불명,서울시 강북구 수유동   47-2 부근 ~ 미아동   131-4 부근,구도,차도,전력/전기,3,보통,1.5,낮음,소로,50,6,True,❓ 강북구 수유동 지역에 전력/전기 공사 관련 정보가 있습니다. 현장 상황을 확인하세요.,37.6307,127.0294,구중심(강북구)
일반-210817-95,강북구,수유동,,,불명,서울시 강북구 수유동   47-2 부근 ~ 미아동   131-4 부근,구도,차도,전력/전기,3,보통,1.5,낮음,소로,50,6,True,❓ 강북구 수유동 지역에 전력/전기 공사 관련 정보가 있습니다. 현장 상황을 확인하세요.,37.6379,127.0194,구중심(강북구)
일반-210817-95,강북구,수유동,,,불명,서울시 강북구 수유동   47-2 부근 ~ 미아동   131-4 부근,구도,차도,전력/전기,3,보통,1.5,낮음,소로,50,6,True,❓ 강북구 수유동 지역에 전력/전기 공사 관련 정보가 있습니다. 현장 상황을 확인하세요.,37.6491,127.0232,구중심(강북구)
일반-210817-95,강북구,수유동,,,불명,서울시 강북구 수유동   47-2 부근 ~ 미아동   131-4 부근,구도,차도,전력/전기,3,보통,1.5,낮음,소로,50,6,True,❓ 강북구 수유동 지역에 전력/전기 공사 관련 정보가 있습니다. 현장 상황을 확인하세요.,37.6483,127.0328,구중심(강북구)
일반-210817-95,강북구,수유동,,,불명,서울시 강북구 수유동   47-2 부근 ~ 미아동   131-4 부근,구도,차도,전력/전기,3,보통,1.5,낮음,소로,50,6,True,❓ 강북구 수유동 지역에 전력/전기 공사 관련 정보가 있습니다. 현장 상황을 확인하세요.,37.6304,127.0332,구중심(강북구)
일반-210817-95,강북구,수유동,,,불명,서울시 강북구 수유동   47-2 부근 ~ 미아동   131-4 부근,구도,차도,전력/전기,3,보통,1.5,낮음,소로,50,6,True,❓ 강북구 수유동 지역에 전력/전기 공사 관련 정보가 있습니다. 현장 상황을 확인하세요.,37.6461,127.0233,구중심(강북구)
일반-210817-95,강북구,수유동,,,불명,서울시 강북구 수유동   47-2 부근 ~ 미아동   131-4 부근,구도,차도,전력/전기,3,보통,1.5,낮음,소로,50,6,True,❓ 강북구 수유동 지역에 전력/전기 공사 관련 정보가 있습니다. 현장 상황을 확인하세요.,37.6441,127.026,구중심(강북구)
일반-210817-95,강북구,수유동,,,불명,서울시 강북구 수유동   47-2 부근 ~ 미아동   131-4 부근,구도,차도,전력/전기,3,보통,1.5,낮음,소로,50,6,True,❓ 강북구 수유동 지역에 전력/전기 공사 관련 정보가 있습니다. 현장 상황을 확인하세요.,37.6467,127.0168,구중심(강북구)
일반-210817-95,강북구,수유동,,,불명,서울시 강북구 수유동   47-2 부근 ~ 미아동   131-4 부근,구도,차도,전력/전기,3,보통,1.5,낮음,소로,50,6,True,❓ 강북구 수유동 지역에 전력/전기 공사 관련 정보가 있습니다. 현장 상황을 확인하세요.,37.6385,127.0345,구중심(강북구)
일반-211214-14,강동구,고덕동,,,불명,서울시 강동구 고덕동   296 ~ 고덕동   296,기타,보도,전력/전기,3,보통,1.5,낮음,기타,50,6,True,❓ 강동구 고덕동 지역에 전력/전기 공사 관련 정보가 있습니다. 현장 상황을 확인하세요.,37.5581,127.158,API성공
일반-211214-14,강동구,고덕동,,,불명,서울시 강동구 고덕동   298 ~ 고덕동   298,기타,차도,전력/전기,3,보통,1.5,낮음,기타,50,6,True,❓ 강동구 고덕동 지역에 전력/전기 공사 관련 정보가 있습니다. 현장 상황을 확인하세요.,37.5576,127.1587,API성공
일반-210830-10,강북구,수유동,,,불명,서울시 강북구 수유동   47-2부근 ~ 미아동   159-54 부근,특별시도,차도,전력/전기,3,보통,1.5,낮음,대로,50,6,True,❓ 강북구 수유동 지역에 전력/전기 공사 관련 정보가 있습니다. 현장 상황을 확인하세요.,37.646,127.0275,구중심(강북구)
일반-210830-10,강북구,미아동,,,불명,서울시 강북구 미아동   160-2 부근 ~ 미아동   131-4 부근,특별시도,차도,전력/전기,3,보통,1.5,낮음,대로,50,6,True,❓ 강북구 미아동 지역에 전력/전기 공사 관련 정보가 있습니다. 현장 상황을 확인하세요.,37.6436,127.0215,구중심(강북구)
일반-211013-90,서초구,잠원동,,,불명,서울시 서초구 잠원동   52-3 ~ 잠원동   52-3,구도,차도,전력/전기,3,보통,1.5,낮음,소로,50,6,True,❓ 서초구 잠원동 지역에 전력/전기 공사 관련 정보가 있습니다. 현장 상황을 확인하세요.,37.479,127.0308,구중심(서초구)
인터넷-230306-01,성동구,행당동,,,불명,서울시 성동구 행당동   192-8 ~ 행당동   192-40,특별시도,차도/보도,기타,3,보통,1.5,낮음,대로,50,6,True,❓ 성동구 행당동 지역에 기타 공사 관련 정보가 있습니다. 현장 상황을 확인하세요.,37.5616,127.0363,API성공
일반-211021-45,종로구,부암동,,,불명,서울시 종로구 부암동   185-56 ~ 부암동   185-59,구도,차도,전력/전기,3,보통,1.5,낮음,소로,50,6,True,❓ 종로구 부암동 지역에 전력/전기 공사 관련 정보가 있습니다. 현장 상황을 확인하세요.,37.5973,126.9613,API성공
일반-211103-09,서초구,서초동,,,불명,서울시 서초구 서초동   1754 ~ 서초동   1754,구도,차도,전력/전기,3,보통,1.5,낮음,소로,50,6,True,❓ 서초구 서초동 지역에 전력/전기 공사 관련 정보가 있습니다. 현장 상황을 확인하세요.,37.493,127.0271,API성공
일반-211103-11,서초구,서초동,,,불명,서울시 서초구 서초동   1754 ~ 서초동   1754,특별시도,차도,전력/전기,3,보통,1.5,낮음,대로,50,6,True,❓ 서초구 서초동 지역에 전력/전기 공사 관련 정보가 있습니다. 현장 상황을 확인하세요.,37.493,127.0271,API성공
일반-211103-09,서초구,서초동,,,불명,서울시 서초구 서초동   1754 ~ 서초동   1754,구도,보도,전력/전기,3,보통,1.5,낮음,소로,50,6,True,❓ 서초구 서초동 지역에 전력/전기 공사 관련 정보가 있습니다. 현장 상황을 확인하세요.,37.493,127.0271,API성공
일반-211103-12,서초구,서초동,,,불명,서울시 서초구 서초동   1754 ~ 서초동   1754,구도,차도,전력/전기,3,보통,1.5,낮음,소로,50,6,True,❓ 서초구 서초동 지역에 전력/전기 공사 관련 정보가 있습니다. 현장 상황을 확인하세요.,37.493,127.0271,API성공
일반-211103-13,서초구,서초동,,,불명,서울시 서초구 서초동   1754 ~ 서초동   1754,특별시도,차도,전력/전기,3,보통,1.5,낮음,대로,50,6,True,❓ 서초구 서초동 지역에 전력/전기 공사 관련 정보가 있습니다. 현장 상황을 확인하세요.,37.493,127.0271,API성공
일반-211103-12,서초구,서초동,,,불명,서울시 서초구 서초동   1754 ~ 서초동   1754,구도,보도,전력/전기,3,보통,1.5,낮음,소로,50,6,True,❓ 서초구 서초동 지역에 전력/전기 공사 관련 정보가 있습니다. 현장 상황을 확인하세요.,37.493,127.0271,API성공
일반-211103-06,서초구,서초동,,,불명,서울시 서초구 서초동   1754 ~ 서초동   1754,구도,차도,전력/전기,3,보통,1.5,낮음,소로,50,6,True,❓ 서초구 서초동 지역에 전력/전기 공사 관련 정보가 있습니다. 현장 상황을 확인하세요.,37.493,127.0271,API성공
일반-211103-07,서초구,서초동,,,불명,서울시 서초구 서초동   1754 ~ 서초동   1754,특별시도,차도,전력/전기,3,보통,1.5,낮음,대로,50,6,True,❓ 서초구 서초동 지역에 전력/전기 공사 관련 정보가 있습니다. 현장 상황을 확인하세요.,37.493,127.0271,API성공
일반-211103-06,서초구,서초동,,,불명,서울시 서초구 서초동   1754 ~ 서초동   1754,구도,보도,전력/전기,3,보통,1.5,낮음,소로,50,6,True,❓ 서초구 서초동 지역에 전력/전기 공사 관련 정보가 있습니다. 현장 상황을 확인하세요.,37.493,127.0271,API성공
일반-211103-14,서초구,서초동,,,불명,서울시 서초구 서초동   1754 ~ 서초동   1754,특별시도,차도,전력/전기,3,보통,1.5,낮음,대로,50,6,True,❓ 서초구 서초동 지역에 전력/전기 공사 관련 정보가 있습니다. 현장 상황을 확인하세요.,37.493,127.0271,API성공
일반-211027-23,서초구,서초동,,,불명,서울시 서초구 서초동   1754 ~ 서초동   1754,구도,보도,전력/전기,3,보통,1.5,낮음,소로,50,6,True,❓ 서초구 서초동 지역에 전력/전기 공사 관련 정보가 있습니다. 현장 상황을 확인하세요.,37.493,127.0271,API성공
일반-211027-27,서초구,서초동,,,불명,서울시 서초구 서초동   1754 ~ 서초동   1754,구도,차도,전력/전기,3,보통,1.5,낮음,소로,50,6,True,❓ 서초구 서초동 지역에 전력/전기 공사 관련 정보가 있습니다. 현장 상황을 확인하세요.,37.493,127.0271,API성공
일반-211103-16,서초구,서초동,,,불명,서울시 서초구 서초동   1754 ~ 서초동   1754,특별시도,차도,전력/전기,3,보통,1.5,낮음,대로,50,6,True,❓ 서초구 서초동 지역에 전력/전기 공사 관련 정보가 있습니다. 현장 상황을 확인하세요.,37.493,127.0271,API성공
일반-211027-27,서초구,서초동,,,불명,서울시 서초구 서초동   1754 ~ 서초동   1754,구도,보도,전력/전기,3,보통,1.5,낮음,소로,50,6,True,❓ 서초구 서초동 지역에 전력/전기 공사 관련 정보가 있습니다. 현장 상황을 확인하세요.,37.493,127.0271,API성공
일반-220107-23,성북구,안암동5가,,,불명,서울시 성북구 안암동5가   102-97 ~ 안암동5가   102-97,구도,차도,통신,2,낮음,1.0,낮음,소로,30,6,True,❓ 성북구 안암동5가 지역에 통신 공사 관련 정보가 있습니다. 현장 상황을 확인하세요.,37.5845,127.0288,API성공
일반-220107-23,성북구,안암동5가,,,불명,서울시 성북구 안암동5가   102-21 ~ 안암동5가   102-21,구도,차도,통신,2,낮음,1.0,낮음,소로,30,6,True,❓ 성북구 안암동5가 지역에 통신 공사 관련 정보가 있습니다. 현장 상황을 확인하세요.,37.5856,127.0288,API성공
일반-220107-23,성북구,안암동5가,,,불명,서울시 성북구 안암동5가   103-41 ~ 안암동5가   103-41,구도,차도,통신,2,낮음,1.0,낮음,소로,30,6,True,❓ 성북구 안암동5가 지역에 통신 공사 관련 정보가 있습니다. 현장 상황을 확인하세요.,37.585,127.0299,API성공
일반-220107-23,성북구,안암동5가,,,불명,서울시 성북구 안암동5가   104-71 ~ 안암동5가   104-71,특별시도,보도,통신,2,낮음,1.0,낮음,대로,30,6,True,❓ 성북구 안암동5가 지역에 통신 공사 관련 정보가 있습니다. 현장 상황을 확인하세요.,37.5829,127.0292,API성공
일반-220107-23,성북구,안암동5가,,,불명,서울시 성북구 안암동5가   110-54 ~ 안암동5가   110-54,특별시도,보도,통신,2,낮음,1.0,낮음,대로,30,6,True,❓ 성북구 안암동5가 지역에 통신 공사 관련 정보가 있습니다. 현장 상황을 확인하세요.,37.5812,127.0272,API성공
일반-220107-23,성북구,안암동5가,,,불명,서울시 성북구 안암동5가   134-29 ~ 안암동5가   134-29,특별시도,보도,통신,2,낮음,1.0,낮음,대로,30,6,True,❓ 성북구 안암동5가 지역에 통신 공사 관련 정보가 있습니다. 현장 상황을 확인하세요.,37.5822,127.0288,API성공
일반-220228-43,서초구,서초동,,,불명,서울시 서초구 서초동   1425-11 ~ 서초동   1422-7,특별시도,차도,상하수도,4,높음,2.0,보통,대로,100,7,True,❓ 서초구 서초동 지역에 상하수도 공사 관련 정보가 있습니다. 현장 상황을 확인하세요.,37.4829,127.0201,API성공
일반-230608-79,마포구,대흥동,,,불명,서울시 마포구 대흥동   161-2 ~ 대흥동   216-5,특별시도,차도/보도,기타,3,보통,1.5,낮음,대로,50,6,True,❓ 마포구 대흥동 지역에 기타 공사 관련 정보가 있습니다. 현장 상황을 확인하세요.,37.5551,126.909,구중심(마포구)
일반-220330-95,관악구,신림동,,,불명,서울시 관악구 신림동   675-338(관악구 난향9길 67,구도,차도,상하수도,4,높음,2.0,보통,소로,100,7,True,❓ 관악구 신림동 지역에 상하수도 공사 관련 정보가 있습니다. 현장 상황을 확인하세요.,37.4599,126.9149,API성공
일반-220331-10,관악구,신림동,,,불명,서울시 관악구 신림동   631-22(난곡로34다길 15,구도,차도,상하수도,4,높음,2.0,보통,소로,100,7,True,❓ 관악구 신림동 지역에 상하수도 공사 관련 정보가 있습니다. 현장 상황을 확인하세요.,37.4713,126.9223,API성공
일반-220331-15,관악구,신림동,,,불명,서울시 관악구 신림동   629-54(난곡로30나길 13,구도,차도,상하수도,4,높음,2.0,보통,소로,100,7,True,❓ 관악구 신림동 지역에 상하수도 공사 관련 정보가 있습니다. 현장 상황을 확인하세요.,37.471,126.9225,API성공
일반-220331-18,관악구,신림동,,,불명,서울시 관악구 신림동   612-17(법원단지길 73,구도,차도,상하수도,4,높음,2.0,보통,소로,100,7,True,❓ 관악구 신림동 지역에 상하수도 공사 관련 정보가 있습니다. 현장 상황을 확인하세요.,37.4741,126.9212,API성공
일반-220401-82,강남구,삼성동,,,불명,서울시 강남구 삼성동   160 ~ 삼성동   160,특별시도,차도,전력/전기,3,보통,1.5,낮음,대로,50,6,True,❓ 강남구 삼성동 지역에 전력/전기 공사 관련 정보가 있습니다. 현장 상황을 확인하세요.,37.5137,127.061,API성공
일반-220401-85,강남구,삼성동,,,불명,서울시 강남구 삼성동   160 ~ 삼성동   160,특별시도,보도,전력/전기,3,보통,1.5,낮음,대로,50,6,True,❓ 강남구 삼성동 지역에 전력/전기 공사 관련 정보가 있습니다. 현장 상황을 확인하세요.,37.5137,127.061,API성공
일반-220406-66,서초구,서초동,,,불명,서울시 서초구 서초동   1365-8 ~ 서초동   1365-8,구도,차도,전력/전기,3,보통,1.5,낮음,소로,50,6,True,❓ 서초구 서초동 지역에 전력/전기 공사 관련 정보가 있습니다. 현장 상황을 확인하세요.,37.4845,127.0312,API성공
일반-220412-16,관악구,신림동,,,불명,서울시 관악구 신림동   1629-44 ~ 신림동   1629-44,구도,차도,상하수도,4,높음,2.0,보통,소로,100,7,True,❓ 관악구 신림동 지역에 상하수도 공사 관련 정보가 있습니다. 현장 상황을 확인하세요.,37.4785,126.9273,API성공
일반-220412-19,관악구,신림동,,,불명,서울시 관악구 신림동   1586-1 ~ 신림동   1586-1,특별시도,차도,상하수도,4,높음,2.0,보통,대로,100,7,True,❓ 관악구 신림동 지역에 상하수도 공사 관련 정보가 있습니다. 현장 상황을 확인하세요.,37.4834,126.9256,API성공
일반-220412-23,관악구,신림동,,,불명,서울시 관악구 신림동   463-49 ~ 신림동   463-49,구도,차도,상하수도,4,높음,2.0,보통,소로,100,7,True,❓ 관악구 신림동 지역에 상하수도 공사 관련 정보가 있습니다. 현장 상황을 확인하세요.,37.4844,126.9229,API성공
일반-220412-26,관악구,신림동,,,불명,서울시 관악구 신림동   484-33 ~ 신림동   484-33,구도,차도,상하수도,4,높음,2.0,보통,소로,100,7,True,❓ 관악구 신림동 지역에 상하수도 공사 관련 정보가 있습니다. 현장 상황을 확인하세요.,37.4847,126.9209,API성공
일반-220412-59,관악구,신림동,,,불명,서울시 관악구 신림동   376-18 ~ 신림동   376-18,구도,차도,상하수도,4,높음,2.0,보통,소로,100,7,True,❓ 관악구 신림동 지역에 상하수도 공사 관련 정보가 있습니다. 현장 상황을 확인하세요.,37.4711,126.9296,API성공
일반-220412-67,관악구,신림동,,,불명,서울시 관악구 신림동   306-18 ~ 신림동   306-18,구도,차도,상하수도,4,높음,2.0,보통,소로,100,7,True,❓ 관악구 신림동 지역에 상하수도 공사 관련 정보가 있습니다. 현장 상황을 확인하세요.,37.4651,126.933,API성공
일반-220414-83,서초구,방배동,,,불명,서울시 서초구 방배동   474-1 ~ 방배동   474-22,구도,차도,전력/전기,3,보통,1.5,낮음,소로,50,6,True,❓ 서초구 방배동 지역에 전력/전기 공사 관련 정보가 있습니다. 현장 상황을 확인하세요.,37.4773,126.9853,API성공
일반-220425-08,관악구,신림동,,,불명,서울시 관악구 신림동   신림동 241-34 ~ 신림동   신림동 241-34,구도,차도,상하수도,4,높음,2.0,보통,소로,100,7,True,❓ 관악구 신림동 지역에 상하수도 공사 관련 정보가 있습니다. 현장 상황을 확인하세요.,37.4699,126.9407,API성공
일반-220425-09,관악구,신림동,,,불명,서울시 관악구 신림동   신림동 1525-1 ~ 신림동   신림동 1525-1,구도,차도,상하수도,4,높음,2.0,보통,소로,100,7,True,❓ 관악구 신림동 지역에 상하수도 공사 관련 정보가 있습니다. 현장 상황을 확인하세요.,37.4707,126.934,API성공
일반-220425-11,관악구,신림동,,,불명,서울시 관악구 신림동   신림동 1514-11 ~ 신림동   신림동 1514-11,구도,차도,상하수도,4,높음,2.0,보통,소로,100,7,True,❓ 관악구 신림동 지역에 상하수도 공사 관련 정보가 있습니다. 현장 상황을 확인하세요.,37.4708,126.9349,API성공
일반-220425-17,관악구,신림동,,,불명,서울시 관악구 신림동   신림동 103-43 ~ 신림동   신림동 103-43,구도,차도,상하수도,4,높음,2.0,보통,소로,100,7,True,❓ 관악구 신림동 지역에 상하수도 공사 관련 정보가 있습니다. 현장 상황을 확인하세요.,37.4732,126.9401,API성공
일반-220425-21,관악구,신림동,,,불명,서울시 관악구 신림동   신림동 103-172 ~ 신림동   신림동 103-172,구도,차도,상하수도,4,높음,2.0,보통,소로,100,7,True,❓ 관악구 신림동 지역에 상하수도 공사 관련 정보가 있습니다. 현장 상황을 확인하세요.,37.4713,126.942,API성공
일반-220425-25,관악구,신림동,,,불명,서울시 관악구 신림동   신림동 408-22 ~ 신림동   신림동 408-22,구도,차도,상하수도,4,높음,2.0,보통,소로,100,7,True,❓ 관악구 신림동 지역에 상하수도 공사 관련 정보가 있습니다. 현장 상황을 확인하세요.,37.4759,126.9355,API성공
일반-220425-26,관악구,신림동,,,불명,서울시 관악구 신림동   신림동 108-15 ~ 신림동   신림동 108-15,구도,차도,상하수도,4,높음,2.0,보통,소로,100,7,True,❓ 관악구 신림동 지역에 상하수도 공사 관련 정보가 있습니다. 현장 상황을 확인하세요.,37.4728,126.9362,API성공
일반-220425-41,관악구,신림동,,,불명,서울시 관악구 신림동   신림동 1641-2 ~ 신림동   신림동 1641-2,기타,보도,상하수도,4,높음,2.0,보통,기타,100,7,True,❓ 관악구 신림동 지역에 상하수도 공사 관련 정보가 있습니다. 현장 상황을 확인하세요.,37.4838,126.9301,API성공
일반-220425-42,관악구,신림동,,,불명,서울시 관악구 신림동   신림동 92-175 ~ 신림동   신림동 92-175,구도,차도,상하수도,4,높음,2.0,보통,소로,100,7,True,❓ 관악구 신림동 지역에 상하수도 공사 관련 정보가 있습니다. 현장 상황을 확인하세요.,37.4796,126.9347,API성공
일반-220425-44,관악구,신림동,,,불명,서울시 관악구 신림동   신림동 10-457 ~ 신림동   신림동 10-457,구도,차도,상하수도,4,높음,2.0,보통,소로,100,7,True,❓ 관악구 신림동 지역에 상하수도 공사 관련 정보가 있습니다. 현장 상황을 확인하세요.,37.4831,126.9354,API성공
일반-220425-48,관악구,신림동,,,불명,서울시 관악구 신림동   신림동 1431-22 ~ 신림동   신림동 1431-22,구도,차도,상하수도,4,높음,2.0,보통,소로,100,7,True,❓ 관악구 신림동 지역에 상하수도 공사 관련 정보가 있습니다. 현장 상황을 확인하세요.,37.4864,126.9286,API성공
일반-220425-49,관악구,신림동,,,불명,서울시 관악구 신림동   신림동 1409-8 ~ 신림동   신림동 1409-8,구도,차도,상하수도,4,높음,2.0,보통,소로,100,7,True,❓ 관악구 신림동 지역에 상하수도 공사 관련 정보가 있습니다. 현장 상황을 확인하세요.,37.4856,126.9339,API성공
일반-220425-51,관악구,신림동,,,불명,서울시 관악구 신림동   신림동 1442-4 ~ 신림동   신림동 1442-4,구도,차도,상하수도,4,높음,2.0,보통,소로,100,7,True,❓ 관악구 신림동 지역에 상하수도 공사 관련 정보가 있습니다. 현장 상황을 확인하세요.,37.4886,126.9268,API성공
일반-220513-21,강남구,논현동,,,불명,서울시 강남구 논현동   학동로17길 10 ~ 논현동   학동로19길 8,구도,차도,전력/전기,3,보통,1.5,낮음,소로,50,6,True,❓ 강남구 논현동 지역에 전력/전기 공사 관련 정보가 있습니다. 현장 상황을 확인하세요.,37.5133,127.0264,API성공
일반-220513-21,강남구,논현동,,,불명,서울시 강남구 논현동   논현로131길 43 ~ 논현동   논현로131길 41-6,구도,차도,전력/전기,3,보통,1.5,낮음,소로,50,6,True,❓ 강남구 논현동 지역에 전력/전기 공사 관련 정보가 있습니다. 현장 상황을 확인하세요.,37.5135,127.0269,API성공
일반-220513-21,강남구,논현동,,,불명,서울시 강남구 논현동   학동로19길 8 ~ 논현동   학동로19길 6,구도,차도,전력/전기,3,보통,1.5,낮음,소로,50,6,True,❓ 강남구 논현동 지역에 전력/전기 공사 관련 정보가 있습니다. 현장 상황을 확인하세요.,37.5073,127.0317,구중심(강남구)
일반-220526-27,은평구,대조동,,,불명,서울시 은평구 대조동   연서로18길 150 ~ 대조동   연서로18길 28,구도,차도,상하수도,4,높음,2.0,보통,소로,100,7,True,❓ 은평구 대조동 지역에 상하수도 공사 관련 정보가 있습니다. 현장 상황을 확인하세요.,37.6059,126.9248,구중심(은평구)
일반-220608-53,노원구,공릉동,,,불명,서울시 노원구 공릉동   89-2 ~ 공릉동   89-2,특별시도,보도,기타,3,보통,1.5,낮음,대로,50,6,True,❓ 노원구 공릉동 지역에 기타 공사 관련 정보가 있습니다. 현장 상황을 확인하세요.,37.6205,127.0838,API성공
일반-220616-30,강남구,도곡동,,,불명,서울시 강남구 도곡동   946-11 ~ 도곡동   946-11,구도,차도,전력/전기,3,보통,1.5,낮음,소로,50,6,True,❓ 강남구 도곡동 지역에 전력/전기 공사 관련 정보가 있습니다. 현장 상황을 확인하세요.,37.4886,127.0332,API성공
일반-220627-10,동작구,노량진동,,,불명,서울시 동작구 노량진동   320-1 ~ 노량진동   320-1,특별시도,차도,전력/전기,3,보통,1.5,낮음,대로,50,6,True,❓ 동작구 노량진동 지역에 전력/전기 공사 관련 정보가 있습니다. 현장 상황을 확인하세요.,37.5155,126.9365,API성공
일반-220627-10,동작구,노량진동,,,불명,서울시 동작구 노량진동   19-23 ~ 노량진동   19-23,특별시도,차도,전력/전기,3,보통,1.5,낮음,대로,50,6,True,❓ 동작구 노량진동 지역에 전력/전기 공사 관련 정보가 있습니다. 현장 상황을 확인하세요.,37.5147,126.9337,API성공
일반-220627-10,동작구,노량진동,,,불명,서울시 동작구 노량진동   13-4 ~ 노량진동   13-4,특별시도,차도,전력/전기,3,보통,1.5,낮음,대로,50,6,True,❓ 동작구 노량진동 지역에 전력/전기 공사 관련 정보가 있습니다. 현장 상황을 확인하세요.,37.5158,126.9407,API성공
일반-220729-79,서초구,서초동,,,불명,서울시 서초구 서초동   1492-13 ~ 서초동   1492-13,구도,차도,상하수도,4,높음,2.0,보통,소로,100,7,True,❓ 서초구 서초동 지역에 상하수도 공사 관련 정보가 있습니다. 현장 상황을 확인하세요.,37.4842,127.0032,API성공
일반-220729-83,서초구,서초동,,,불명,서울시 서초구 서초동   1492-13 ~ 서초동   1492-13,구도,차도,상하수도,4,높음,2.0,보통,소로,100,7,True,❓ 서초구 서초동 지역에 상하수도 공사 관련 정보가 있습니다. 현장 상황을 확인하세요.,37.4842,127.0032,API성공
일반-220809-39,종로구,원남동,,,불명,서울시 종로구 원남동   20 관로 ~ 원남동   20 관로,구도,보도,기타,3,보통,1.5,낮음,소로,50,6,True,❓ 종로구 원남동 지역에 기타 공사 관련 정보가 있습니다. 현장 상황을 확인하세요.,37.5727,126.9725,구중심(종로구)
일반-220809-39,종로구,원남동,,,불명,서울시 종로구 원남동   20 전주 ~ 원남동   20 전주,구도,보도,전력/전기,3,보통,1.5,낮음,소로,50,6,True,❓ 종로구 원남동 지역에 전력/전기 공사 관련 정보가 있습니다. 현장 상황을 확인하세요.,37.5744,126.9805,구중심(종로구)
일반-220822-22,영등포구,양평동2가,,,불명,서울시 영등포구 양평동2가   29-6 ~ 양평동2가   29-6,구도,보도,전력/전기,3,보통,1.5,낮음,소로,50,6,True,❓ 영등포구 양평동2가 지역에 전력/전기 공사 관련 정보가 있습니다. 현장 상황을 확인하세요.,37.5238,126.8852,API성공
일반-220902-05,구로구,구로동,,,불명,서울시 구로구 구로동   772번지 일원 남구로역 1번 출입구 인근 ~ 구로동   772번지 일원 남구로역 1번 출입구 인근,구도,차도,기타,3,보통,1.5,낮음,소로,50,6,True,❓ 구로구 구로동 지역에 기타 공사 관련 정보가 있습니다. 현장 상황을 확인하세요.,37.4894,126.8948,구중심(구로구)
일반-220902-04,구로구,구로동,,,불명,서울시 구로구 구로동   772번지 일원 남구로역 1번 출입구 인근 ~ 구로동   772번지 일원 남구로역 1번 출입구 인근,구도,차도/보도,기타,3,보통,1.5,낮음,소로,50,6,True,❓ 구로구 구로동 지역에 기타 공사 관련 정보가 있습니다. 현장 상황을 확인하세요.,37.4994,126.8967,구중심(구로구)
일반-220825-06,서초구,서초동,,,불명,서울시 서초구 서초동   1445-1 ~ 서초동   1445-1,구도,차도/보도,전력/전기,3,보통,1.5,낮음,소로,50,6,True,❓ 서초구 서초동 지역에 전력/전기 공사 관련 정보가 있습니다. 현장 상황을 확인하세요.,37.4851,127.0181,API성공
일반-220908-33,도봉구,창동,,,불명,서울시 도봉구 창동   807-1 ~ 창동   1-12,구도,차도,전력/전기,3,보통,1.5,낮음,소로,50,6,True,❓ 도봉구 창동 지역에 전력/전기 공사 관련 정보가 있습니다. 현장 상황을 확인하세요.,37.6597,127.0497,API성공
일반-220908-33,도봉구,창동,,,불명,서울시 도봉구 창동   808-3 ~ 창동   808-3,구도,차도,전력/전기,3,보통,1.5,낮음,소로,50,6,True,❓ 도봉구 창동 지역에 전력/전기 공사 관련 정보가 있습니다. 현장 상황을 확인하세요.,37.6575,127.0497,API성공
일반-220908-33,도봉구,창동,,,불명,서울시 도봉구 창동   808-2 ~ 창동   808-2,구도,차도,전력/전기,3,보통,1.5,낮음,소로,50,6,True,❓ 도봉구 창동 지역에 전력/전기 공사 관련 정보가 있습니다. 현장 상황을 확인하세요.,37.6589,127.0484,API성공
일반-220908-33,도봉구,창동,,,불명,서울시 도봉구 창동   1번지 ~ 창동   1번지,구도,보도,전력/전기,3,보통,1.5,낮음,소로,50,6,True,❓ 도봉구 창동 지역에 전력/전기 공사 관련 정보가 있습니다. 현장 상황을 확인하세요.,37.659,127.0505,API성공
일반-220908-33,도봉구,창동,,,불명,서울시 도봉구 창동   808-1 ~ 창동   808,구도,보도,전력/전기,3,보통,1.5,낮음,소로,50,6,True,❓ 도봉구 창동 지역에 전력/전기 공사 관련 정보가 있습니다. 현장 상황을 확인하세요.,37.659,127.0495,API성공
일반-220908-33,도봉구,창동,,,불명,서울시 도봉구 창동   808 ~ 창동   808,구도,보도,전력/전기,3,보통,1.5,낮음,소로,50,6,True,❓ 도봉구 창동 지역에 전력/전기 공사 관련 정보가 있습니다. 현장 상황을 확인하세요.,37.6578,127.0483,API성공
일반-220908-33,도봉구,창동,,,불명,서울시 도봉구 창동   1-24 ~ 창동   1-24,구도,보도,전력/전기,3,보통,1.5,낮음,소로,50,6,True,❓ 도봉구 창동 지역에 전력/전기 공사 관련 정보가 있습니다. 현장 상황을 확인하세요.,37.6568,127.0508,API성공
일반-220908-33,도봉구,창동,,,불명,서울시 도봉구 창동   1-12 ~ 창동   1-12,구도,보도,전력/전기,3,보통,1.5,낮음,소로,50,6,True,❓ 도봉구 창동 지역에 전력/전기 공사 관련 정보가 있습니다. 현장 상황을 확인하세요.,37.6548,127.0479,API성공
일반-220908-33,도봉구,창동,,,불명,서울시 도봉구 창동   1-12 ~ 창동   1-12,구도,차도,전력/전기,3,보통,1.5,낮음,소로,50,6,True,❓ 도봉구 창동 지역에 전력/전기 공사 관련 정보가 있습니다. 현장 상황을 확인하세요.,37.6548,127.0479,API성공
일반-220908-33,도봉구,창동,,,불명,서울시 도봉구 창동   1-12 ~ 창동   1-12,기타,보도,전력/전기,3,보통,1.5,낮음,기타,50,6,True,❓ 도봉구 창동 지역에 전력/전기 공사 관련 정보가 있습니다. 현장 상황을 확인하세요.,37.6548,127.0479,API성공
일반-220915-97,영등포구,양평동4가,,,불명,서울시 영등포구 양평동4가   20-4 ~ 양평동4가   20-4,구도,차도,상하수도,4,높음,2.0,보통,소로,100,7,True,❓ 영등포구 양평동4가 지역에 상하수도 공사 관련 정보가 있습니다. 현장 상황을 확인하세요.,37.5358,126.8924,API성공
일반-220919-81,서초구,반포동,,,불명,서울시 서초구 반포동   1-19 ~ 반포동   1-19,구도,차도,전력/전기,3,보통,1.5,낮음,소로,50,6,True,❓ 서초구 반포동 지역에 전력/전기 공사 관련 정보가 있습니다. 현장 상황을 확인하세요.,37.4909,127.0267,구중심(서초구)
일반-220923-18,영등포구,양평동3가,,,불명,서울시 영등포구 양평동3가   29-3 ~ 양평동3가   29-3,구도,보도,상하수도,4,높음,2.0,보통,소로,100,7,True,❓ 영등포구 양평동3가 지역에 상하수도 공사 관련 정보가 있습니다. 현장 상황을 확인하세요.,37.5259,126.8841,API성공
일반-220927-39,동작구,대방동,,,불명,서울시 동작구 대방동   338-6@ ~ 대방동   338-6@,특별시도,보도,전력/전기,3,보통,1.5,낮음,대로,50,6,True,❓ 동작구 대방동 지역에 전력/전기 공사 관련 정보가 있습니다. 현장 상황을 확인하세요.,37.513,126.9294,API성공
일반-220928-22,서대문구,냉천동,,,불명,서울시 서대문구 냉천동   204-1 ~ 냉천동   237,특별시도,차도,기타,3,보통,1.5,낮음,대로,50,6,True,❓ 서대문구 냉천동 지역에 기타 공사 관련 정보가 있습니다. 현장 상황을 확인하세요.,37.5682,126.9639,API성공
일반-221004-16,종로구,관철동,,,불명,서울시 종로구 관철동   24 ~ 관철동   24,구도,차도,기타,3,보통,1.5,낮음,소로,50,6,True,❓ 종로구 관철동 지역에 기타 공사 관련 정보가 있습니다. 현장 상황을 확인하세요.,37.5692,126.9885,API성공
일반-221017-39,도봉구,창동,,,불명,서울시 도봉구 창동   807-1 ~ 창동   1-12,구도,차도/보도,전력/전기,3,보통,1.5,낮음,소로,50,6,True,❓ 도봉구 창동 지역에 전력/전기 공사 관련 정보가 있습니다. 현장 상황을 확인하세요.,37.6597,127.0497,API성공
일반-221017-39,도봉구,창동,,,불명,서울시 도봉구 창동   1-12 ~ 창동   1-12,구도,차도/보도,전력/전기,3,보통,1.5,낮음,소로,50,6,True,❓ 도봉구 창동 지역에 전력/전기 공사 관련 정보가 있습니다. 현장 상황을 확인하세요.,37.6548,127.0479,API성공
일반-221116-06,종로구,수송동,,,불명,서울시 종로구 수송동   80-7 ~ 수송동   80-7,구도,차도/보도,기타,3,보통,1.5,낮음,소로,50,6,True,❓ 종로구 수송동 지역에 기타 공사 관련 정보가 있습니다. 현장 상황을 확인하세요.,37.5738,126.9811,API성공
일반-230221-60,금천구,가산동,,,불명,서울시 금천구 가산동   60-66 ~ 가산동   60-15,구도,차도/보도,기타,3,보통,1.5,낮음,소로,50,6,True,❓ 금천구 가산동 지역에 기타 공사 관련 정보가 있습니다. 현장 상황을 확인하세요.,37.4804,126.8835,API성공
일반-230329-20,송파구,신천동,,,불명,서울시 송파구 신천동   올림픽로35길 93(잠실나루사거리,특별시도,차도,상하수도,4,높음,2.0,보통,대로,100,7,True,❓ 송파구 신천동 지역에 상하수도 공사 관련 정보가 있습니다. 현장 상황을 확인하세요.,37.5177,127.1043,API성공
일반-230329-21,송파구,신천동,,,불명,서울시 송파구 신천동   송파대로 570 (잠실대교남단사거리,특별시도,차도,상하수도,4,높음,2.0,보통,대로,100,7,True,❓ 송파구 신천동 지역에 상하수도 공사 관련 정보가 있습니다. 현장 상황을 확인하세요.,37.5157,127.0991,API성공
일반-230329-14,송파구,잠실동,,,불명,서울시 송파구 잠실동   송파대로 551-2(주공5단지 코너,특별시도,보도,상하수도,4,높음,2.0,보통,대로,100,7,True,❓ 송파구 잠실동 지역에 상하수도 공사 관련 정보가 있습니다. 현장 상황을 확인하세요.,37.517,127.1032,구중심(송파구)
일반-230329-14,송파구,잠실동,,,불명,"서울시 송파구 잠실동   31(횡단, 올림픽로 지하 196",특별시도,차도,상하수도,4,높음,2.0,보통,대로,100,7,True,❓ 송파구 잠실동 지역에 상하수도 공사 관련 정보가 있습니다. 현장 상황을 확인하세요.,37.5165,127.0973,API성공
일반-230329-16,송파구,잠실동,,,불명,서울시 송파구 잠실동   31(잠실대교 남단사거리,특별시도,차도,상하수도,4,높음,2.0,보통,대로,100,7,True,❓ 송파구 잠실동 지역에 상하수도 공사 관련 정보가 있습니다. 현장 상황을 확인하세요.,37.5165,127.0973,API성공
일반-230313-90,용산구,갈월동,,,불명,서울시 용산구 갈월동   96-1번지 ~ 갈월동   96-1번지,구도,차도,도로,2,낮음,1.0,낮음,소로,20,6,True,❓ 용산구 갈월동 지역에 도로 공사 관련 정보가 있습니다. 현장 상황을 확인하세요.,37.5358,126.9918,구중심(용산구)
일반-230313-90,용산구,갈월동,,,불명,서울시 용산구 갈월동   96-1번지 ~ 갈월동   96-1번지,구도,차도,도로,2,낮음,1.0,낮음,소로,20,6,True,❓ 용산구 갈월동 지역에 도로 공사 관련 정보가 있습니다. 현장 상황을 확인하세요.,37.5396,126.9897,구중심(용산구)
일반-230329-22,송파구,잠실동,,,불명,서울시 송파구 잠실동   31(잠실대교남단삼거리 횡단,특별시도,차도,상하수도,4,높음,2.0,보통,대로,100,7,True,❓ 송파구 잠실동 지역에 상하수도 공사 관련 정보가 있습니다. 현장 상황을 확인하세요.,37.5165,127.0973,API성공
일반-230329-17,송파구,잠실동,,,불명,서울시 송파구 잠실동   31(잠실역 북측 횡단,특별시도,차도,상하수도,4,높음,2.0,보통,대로,100,7,True,❓ 송파구 잠실동 지역에 상하수도 공사 관련 정보가 있습니다. 현장 상황을 확인하세요.,37.5165,127.0973,API성공
인터넷-220602-02,성북구,길음동,,,불명,서울시 성북구 길음동   541-6 ~ 길음동   541-154,특별시도,보도,기타,3,보통,1.5,낮음,대로,50,6,True,❓ 성북구 길음동 지역에 기타 공사 관련 정보가 있습니다. 현장 상황을 확인하세요.,37.6041,127.0246,API성공
인터넷-220602-02,성북구,길음동,,,불명,서울시 성북구 길음동   875-1 ~ 길음동   875-1,구도,차도,기타,3,보통,1.5,낮음,소로,50,6,True,❓ 성북구 길음동 지역에 기타 공사 관련 정보가 있습니다. 현장 상황을 확인하세요.,37.6072,127.0216,API성공
